corpus,group,folder,year,title,dimensions,px_w,px_h,file,url
brockmann,F4,F4/Ausstellung,1953,Kunsthaus Zürich - Braque,100 × 70 cm,558,800,1953_Kunsthaus Zürich - Braque.jpg,https://www.emuseum.ch/objects/73962/
brockmann,F4,F4/Ausstellung,1953,Helmhaus Zürich - Aus der Sammlung des Kunsthauses Zürich - Neuere Schweizer Kunst,100 × 70 cm,556,800,1953_Helmhaus Zürich - Aus der Sammlung des Kunsthauses Zürich - .jpg,https://www.emuseum.ch/objects/74018/
brockmann,F4,F4/Ausstellung,1958,Konrad Wachsmann - Bauen in unserer Zeit - Kunstgewerbemuseum Zürich - 24. Mai - 6. Juli 1,100 × 70 cm,560,800,1958_Konrad Wachsmann - Bauen in unserer Zeit - Kunstgewerbemuseu.jpg,https://www.emuseum.ch/objects/74270/
brockmann,F4,F4/Juni_Festwochen,1951,Juni-Festwochen Zürich 1951 - Leitung - Eugen Ormandy - Solist - Alexander Brailowsky,100 × 70 cm,556,800,1951_Juni-Festwochen Zürich 1951 - Leitung - Eugen Ormandy - Soli.jpg,https://www.emuseum.ch/objects/73984/
brockmann,F4,F4/Juni_Festwochen,1951,Juni-Festwochen Zürich 1951 - Tonhalle Grosser Saal - Leitung - Hans Rosbaud - Solist - Is,100 × 70 cm,547,800,1951_Juni-Festwochen Zürich 1951 - Tonhalle Grosser Saal - Leitun.jpg,https://www.emuseum.ch/objects/73985/
brockmann,F4,F4/Juni_Festwochen,1951,Juni-Festwochen Zürich 1951 - Leitung - Rafael Kubelik - Solist - Robert Casadesus - Klavi,100 × 70 cm,556,800,1951_Juni-Festwochen Zürich 1951 - Leitung - Rafael Kubelik - Sol.jpg,https://www.emuseum.ch/objects/74243/
brockmann,F4,F4/Juni_Festwochen,1952,Juni-Festwochen Zürich 1952 - Leopold Stokowksi - Tonhalle Grosser Saal - 24. Juni 1952,100 × 70 cm,560,800,1952_Juni-Festwochen Zürich 1952 - Leopold Stokowksi - Tonhalle G.jpg,https://www.emuseum.ch/objects/74026/
brockmann,F4,F4/Juni_Festwochen,1952,Juni-Festwochen Zürich 1952 - Hans Rosbaud - Alexander Brailowsky - Tonhalle Grosser Saal ,100 × 70 cm,560,800,1952_Juni-Festwochen Zürich 1952 - Hans Rosbaud - Alexander Brail.jpg,https://www.emuseum.ch/objects/74027/
brockmann,F4,F4/Juni_Festwochen,1954,Juni-Festwochen Zürich 1954 - 1. Konzert - Hans Rosbaud - Rudolf Serkin - (...),100 × 70 cm,559,800,1954_Juni-Festwochen Zürich 1954 - 1. Konzert - Hans Rosbaud - Ru.jpg,https://www.emuseum.ch/objects/74024/
brockmann,F4,F4/Sonstige,1937,Besucht die Rosenstadt Rapperswil am Zürichsee,100 × 70.5 cm,561,800,1937_Besucht die Rosenstadt Rapperswil am Zürichsee.jpg,https://www.emuseum.ch/objects/73996/
brockmann,F4,F4/Sonstige,1949,Das Schweizerische Bühnenbild - Von Appia bis heute - Veranstaltet im Rahmen der Zürcher F,100 × 70 cm,557,800,1949_Das Schweizerische Bühnenbild - Von Appia bis heute - Verans.jpg,https://www.emuseum.ch/objects/73958/
brockmann,F4,F4/Sonstige,1951,Kunsthalle Bern - Das schweizerische Bühnenbild von Appia bis heute - 19. Juni - 15. Juli ,100 × 70 cm,556,800,1951_Kunsthalle Bern - Das schweizerische Bühnenbild von Appia bi.jpg,https://www.emuseum.ch/objects/74020/
brockmann,F4,F4/Sonstige,1957,Malende Dichter - Dichtende Maler - Kunstmuseum St. Gallen - 4. August - 20. Oktober 1957,100 × 70 cm,557,800,1957_Malende Dichter - Dichtende Maler - Kunstmuseum St. Gallen -.jpg,https://www.emuseum.ch/objects/73964/
brockmann,F4,F4/Tonhalle_Konzert,1946,Collegium Musicum - Leitung Paul Sacher - Tonhalle Grosser Saal - Frank Martin - Der Corne,100 × 70 cm,558,800,1946_Collegium Musicum - Leitung Paul Sacher - Tonhalle Grosser S.jpg,https://www.emuseum.ch/objects/73993/
brockmann,F4,F4/Tonhalle_Konzert,1951,Extra-Konzert - Tonhalle Grosser Saal - Leitung - Erich Schmid - Solist - Arthur Rubinstei,100 × 70 cm,556,800,1951_Extra-Konzert - Tonhalle Grosser Saal - Leitung - Erich Schm.jpg,https://www.emuseum.ch/objects/74019/
brockmann,F4,F4/Tonhalle_Konzert,1951,Tonhalle Grosser Saal - Hans Rosbaud - Solist Malcuzynski - 8. November 1951,100 × 70 cm,557,800,1951_Tonhalle Grosser Saal - Hans Rosbaud - Solist Malcuzynski - .jpg,https://www.emuseum.ch/objects/74219/
brockmann,F4,F4/Tonhalle_Konzert,1951,Tonhalle Grosser Saal - Leitung - Hans Rosbaud - Solist - Walter Gieseking - Klavier,100 × 70 cm,560,800,1951_Tonhalle Grosser Saal - Leitung - Hans Rosbaud - Solist - Wa.jpg,https://www.emuseum.ch/objects/74242/
brockmann,F4,F4/Tonhalle_Konzert,1952,Tonhalle - Grosser Saal - 11. Volkskonzert - Erich Schmid - Elsa Cavelti - Heinz Rehfuss -,100 × 70 cm,552,800,1952_Tonhalle - Grosser Saal - 11. Volkskonzert - Erich Schmid - .jpg,https://www.emuseum.ch/objects/75446/
brockmann,F4,F4/Tonhalle_Konzert,1952,St.Galler Kammerchor - 6. Kammermusikabend - Tonhalle kleiner Saal - 13. März 1952,100 × 70 cm,560,800,1952_St.Galler Kammerchor - 6. Kammermusikabend - Tonhalle kleine.jpg,https://www.emuseum.ch/objects/74023/
brockmann,F4,F4/Tonhalle_Konzert,1952,"Tonhalle-Quartett - 21. März 1952 - Tonhalle, Kleiner Saal - Beethoven - Reger",100 × 70 cm,557,800,"1952_Tonhalle-Quartett - 21. März 1952 - Tonhalle, Kleiner Saal -.jpg",https://www.emuseum.ch/objects/74222/
brockmann,F4,F4/Tonhalle_Konzert,1952,de Boer-Reitz-Quartett - Tonhalle Kleiner Saal - 8. Kammermusikabend - 1. Mai 1952,100 × 70 cm,560,800,1952_de Boer-Reitz-Quartett - Tonhalle Kleiner Saal - 8. Kammermu.jpg,https://www.emuseum.ch/objects/74223/
brockmann,F4,F4/Tonhalle_Konzert,1952,Tonhalle Kleiner Saal - Koeckert Quartett München - 3. April 1952,100 × 70 cm,560,800,1952_Tonhalle Kleiner Saal - Koeckert Quartett München - 3. April.jpg,https://www.emuseum.ch/objects/74224/
brockmann,F4,F4/Tonhalle_Konzert,1952,Tonhalle Grosser Saal - 1. Abonnementskonzert der Tonhalle-Gesellschaft - Hans Rosbaud - R,100 × 70 cm,560,800,1952_Tonhalle Grosser Saal - 1. Abonnementskonzert der Tonhalle-G.jpg,https://www.emuseum.ch/objects/74225/
brockmann,F4,F4/Tonhalle_Konzert,1952,Tonhalle Kleiner Saal - Ungarisches Streichquartett - 2. Kammermusikabend - 23. Oktober 19,100 × 70 cm,560,800,1952_Tonhalle Kleiner Saal - Ungarisches Streichquartett - 2. Kam.jpg,https://www.emuseum.ch/objects/74226/
brockmann,F4,F4/Tonhalle_Konzert,1952,Kleiner Tonhallesaal - Winterthurer Streichquartett - 3. Kammermusikabend - 13. November 1,100 × 70 cm,560,800,1952_Kleiner Tonhallesaal - Winterthurer Streichquartett - 3. Kam.jpg,https://www.emuseum.ch/objects/74227/
brockmann,F4,F4/Tonhalle_Konzert,1952,Tonhalle Grosser Saal - Barylli Quartett - 5. Kammermusikabend - Mozart - Ravel - Beethove,100 × 70 cm,563,800,1952_Tonhalle Grosser Saal - Barylli Quartett - 5. Kammermusikabe.jpg,https://www.emuseum.ch/objects/74228/
brockmann,F4,F4/Tonhalle_Konzert,1952,Tonhalle - Grosser Saal - Leitung - Dr. Volkmar Andreae - Solistin - Margrit Essek - Violi,100 × 70 cm,559,800,1952_Tonhalle - Grosser Saal - Leitung - Dr. Volkmar Andreae - So.jpg,https://www.emuseum.ch/objects/75316/
brockmann,F4,F4/Tonhalle_Konzert,1953,Tonhalle Zürich - 5. Frühjahrskonzert - Leitung Erich Schmid - Violine Hansheinz Schneeber,100 × 70 cm,560,800,1953_Tonhalle Zürich - 5. Frühjahrskonzert - Leitung Erich Schmid.jpg,https://www.emuseum.ch/objects/73975/
brockmann,F4,F4/Tonhalle_Konzert,1953,4. Frühjahrskonzert der Tonhalle-Gesellschaft - 12.Mai 1953 - Hans Rosbaud (...),100 × 70 cm,550,800,1953_4. Frühjahrskonzert der Tonhalle-Gesellschaft - 12.Mai 1953 .jpg,https://www.emuseum.ch/objects/73976/
brockmann,F4,F4/Tonhalle_Konzert,1953,3. Frühjahrskonzert der Tonhalle-Gesellschaft - Dienstag 28. April 1953 - Erich Schmid - J,100 × 70 cm,554,800,1953_3. Frühjahrskonzert der Tonhalle-Gesellschaft - Dienstag 28..jpg,https://www.emuseum.ch/objects/73977/
brockmann,F4,F4/Tonhalle_Konzert,1953,2. Frühjahrskonzert der Tonhalle-Gesellschaft - Leitung Hans Rosbaud - Klavier Geza Anda,100 × 70 cm,560,800,1953_2. Frühjahrskonzert der Tonhalle-Gesellschaft - Leitung Hans.jpg,https://www.emuseum.ch/objects/73978/
brockmann,F4,F4/Tonhalle_Konzert,1953,Tonhalle Zürich - 1. Frühjahrskonzert - Leitung Erich Schmid - Klavier Wilhelm Kempff,100 × 70 cm,560,800,1953_Tonhalle Zürich - 1. Frühjahrskonzert - Leitung Erich Schmid.jpg,https://www.emuseum.ch/objects/73979/
brockmann,F4,F4/Tonhalle_Konzert,1953,Tonhalle Grosser Saal - Extra Konzert - Solistin Clara Haskil - 22. September 1953,100 × 70 cm,558,800,1953_Tonhalle Grosser Saal - Extra Konzert - Solistin Clara Haski.jpg,https://www.emuseum.ch/objects/74021/
brockmann,F4,F4/Tonhalle_Konzert,1953,Tonhalle Kleiner Saal - Kammermusikabend - de Boer-Reitz-Quartett - W.A. Mozart,100 × 70 cm,560,800,1953_Tonhalle Kleiner Saal - Kammermusikabend - de Boer-Reitz-Qua.jpg,https://www.emuseum.ch/objects/74022/
brockmann,F4,F4/Tonhalle_Konzert,1954,Donnerstag - 7. Januar 1954 - 20.15 Uhr - Grosser Tonhallesaal - 12. Volkskonzert der Tonh,100 × 70 cm,557,800,1954_Donnerstag - 7. Januar 1954 - 20.15 Uhr - Grosser Tonhallesa.jpg,https://www.emuseum.ch/objects/75318/
brockmann,F4,F4/Tonhalle_Konzert,1955,Tonhalle - Grosser Saal - 1./2. Volkskonzert der Tonhalle-Gesellschaft - Hans Rosbaud - Le,100 × 70 cm,556,800,1955_Tonhalle - Grosser Saal - 1.-2. Volkskonzert der Tonhalle-Ge.jpg,https://www.emuseum.ch/objects/75317/
brockmann,F4,F4/Tonhalle_Konzert,1956,1. Kammermusikabend - Lasalle-Quartett - 11. Oktober 1956 - Tonhalle Kleiner Saal,100 × 70 cm,560,800,1956_1. Kammermusikabend - Lasalle-Quartett - 11. Oktober 1956 - .jpg,https://www.emuseum.ch/objects/74028/
brockmann,F4,F4/Verkehr,연도미상,Schützt das Kind!,103 × 72.5 cm,559,800,연도미상_Schützt das Kind!.jpg,https://www.emuseum.ch/objects/3111/
brockmann,제외_비율불일치,제외_비율불일치,1952,Zürcher Streichtrio - Tonhalle Kammermusikabend - 7. Februar 1952,100 × 70 cm,800,556,1952_Zürcher Streichtrio - Tonhalle Kammermusikabend - 7. Februar.jpg,https://www.emuseum.ch/objects/74229/
brockmann,제외_비율불일치,제외_비율불일치,1959,Juni-Festwochen Zürich 1959 - Tonhalle Grosser Saal - Leitung André Cluytens - Solist Rica,128 × 90 cm,600,800,1959_Juni-Festwochen Zürich 1959 - Tonhalle Grosser Saal - Leitun.jpg,https://www.emuseum.ch/objects/74214/
brockmann,제외_비율불일치,제외_비율불일치,1965,Opernhaus Zürich - Boris Godunow - Oper von Modest Mussorgski,128 × 90.5 cm,637,800,1965_Opernhaus Zürich - Boris Godunow - Oper von Modest Mussorgsk.jpg,https://www.emuseum.ch/objects/74079/
brockmann,제외_타인명의,제외_타인명의,1914,Joseph Müller-Brockmann - 1914-1996 - ein Pionier des graphic design,128 × 91 cm,566,800,1914_Joseph Müller-Brockmann - 1914-1996 - ein Pionier des graphi.jpg,https://www.emuseum.ch/objects/9505/
brockmann,제외_타인명의,제외_타인명의,1963,50 Jahre Schweizerischer Werkbund SWB - Gestalten und Erhalten - Kunstgewerbemuseum Zürich,128 × 90.5 cm,568,800,1963_50 Jahre Schweizerischer Werkbund SWB - Gestalten und Erhalt.jpg,https://www.emuseum.ch/objects/150453/
brockmann,제외_타인명의,제외_타인명의,1965,Opernhaus Zürich - Eröffnung der Spielzeit 1965/66,127 × 90 cm,565,800,1965_Opernhaus Zürich - Eröffnung der Spielzeit 1965-66.jpg,https://www.emuseum.ch/objects/144181/
brockmann,제외_타인명의,제외_타인명의,1965,Opernhaus Zürich,127 × 90 cm,563,800,1965_Opernhaus Zürich.jpg,https://www.emuseum.ch/objects/144182/
brockmann,제외_타인명의,제외_타인명의,1967,Opernhaus Zürich - Internationale Juni-Festwochen 1967,127 × 90 cm,592,800,1967_Opernhaus Zürich - Internationale Juni-Festwochen 1967.jpg,https://www.emuseum.ch/objects/74039/
brockmann,제외_타인명의,제외_타인명의,1968,Schweizerisches Tonkünstlerfest Zürich 1968 - Tonhalle Zürich - (...),127 × 90 cm,563,800,1968_Schweizerisches Tonkünstlerfest Zürich 1968 - Tonhalle Züric.jpg,https://www.emuseum.ch/objects/74036/
brockmann,제외_타인명의,제외_타인명의,1970,Theater in Zürich - 11. - 20. September 1970,127 × 90 cm,566,800,1970_Theater in Zürich - 11. - 20. September 1970.jpg,https://www.emuseum.ch/objects/74004/
brockmann,제외_타인명의,제외_타인명의,1970,"Es geht um die Sicherung eines Lebensraumes, in dem 2 Millionen Menschen noch Mensch sein ",127 × 90 cm,566,800,"1970_Es geht um die Sicherung eines Lebensraumes, in dem 2 Millio.jpg",https://www.emuseum.ch/objects/74056/
brockmann,제외_타인명의,제외_타인명의,1970,Theater in Zürich - 4.-13. Dez. 1970,128 × 90.5 cm,563,800,1970_Theater in Zürich - 4.-13. Dez. 1970.jpg,https://www.emuseum.ch/objects/110222/
brockmann,제외_타인명의,제외_타인명의,1971,Junifestwochen Zürich 1971 - Konzerte der Tonhalle-Gesellschaft Zürich,128 × 90 cm,565,800,1971_Junifestwochen Zürich 1971 - Konzerte der Tonhalle-Gesellsch.jpg,https://www.emuseum.ch/objects/48118/
brockmann,제외_타인명의,제외_타인명의,1971,"Musica viva - Donnerstag, den 7. Januar 1971 - Grosser Tonhallesaal - Klaus Huber - Violin",128 × 90.5 cm,564,800,"1971_Musica viva - Donnerstag, den 7. Januar 1971 - Grosser Tonha.jpg",https://www.emuseum.ch/objects/11138/
brockmann,제외_타인명의,제외_타인명의,1971,Junifestwochen Zürich 1971 - Konzerte der Tonhalle-Gesellschaft Zürich,128 × 90 cm,565,800,1971_Junifestwochen Zürich 1971 - Konzerte der Tonhalle-Gesellsch_2.jpg,https://www.emuseum.ch/objects/48120/
brockmann,제외_타인명의,제외_타인명의,1971,Junifestwochen Zürich 1971 - Konserte der Tonhalle-Gesellschaft Zürich,128 × 90 cm,564,800,1971_Junifestwochen Zürich 1971 - Konserte der Tonhalle-Gesellsch.jpg,https://www.emuseum.ch/objects/48121/
brockmann,제외_타인명의,제외_타인명의,1971,Junifestwochen Zürich 1971 - Konserte der Tonhalle-Gesellschaft Zürich,128 × 90 cm,567,800,1971_Junifestwochen Zürich 1971 - Konserte der Tonhalle-Gesellsch_2.jpg,https://www.emuseum.ch/objects/48122/
brockmann,제외_타인명의,제외_타인명의,1971,Junifestwochen Zürich 1971 - Konserte der Tonhalle-Gesellschaft Zürich,128 × 90 cm,564,800,1971_Junifestwochen Zürich 1971 - Konserte der Tonhalle-Gesellsch_3.jpg,https://www.emuseum.ch/objects/48123/
brockmann,제외_타인명의,제외_타인명의,1971,Junifestwochen Zürich 1971 - Konzerte der Tonhalle-Gesellschaft Zürich,128 × 90 cm,566,800,1971_Junifestwochen Zürich 1971 - Konzerte der Tonhalle-Gesellsch_3.jpg,https://www.emuseum.ch/objects/48124/
brockmann,제외_타인명의,제외_타인명의,1972,Musica Viva - Tonhalle Grosser Saal - 7. Januar 1972,127 × 90 cm,562,800,1972_Musica Viva - Tonhalle Grosser Saal - 7. Januar 1972.jpg,https://www.emuseum.ch/objects/74048/
brockmann,제외_타인명의,제외_타인명의,1972,Erker-Galerie St. Gallen - Bibliophile Bücher der Erker-Presse - Mappenwerke der Erker-Pre,90.5 × 45 cm,394,800,1972_Erker-Galerie St. Gallen - Bibliophile Bücher der Erker-Pres.jpg,https://www.emuseum.ch/objects/6398/
brockmann,제외_타인명의,제외_타인명의,1974,Automobil-Club der Schweiz - Zaštitite dijete ! - Joseph Müller Brockmann - Grafički Dizaj,97 × 68 cm,557,800,1974_Automobil-Club der Schweiz - Zaštitite dijete ! - Joseph Mül.jpg,https://www.emuseum.ch/objects/74191/
brockmann,제외_타인명의,제외_타인명의,1975,Akari - Kunstgewerbemuseum der Stadt Zürich - 100 Jahre Kunstgewerbemuseum - Lampen aus Ja,127 × 90 cm,566,800,1975_Akari - Kunstgewerbemuseum der Stadt Zürich - 100 Jahre Kuns.jpg,https://www.emuseum.ch/objects/74272/
brockmann,제외_타인명의,제외_타인명의,1976,"Der Flughafen Zürich hat zwei Terminals, A und B: Terminal A - Charter - Terminal B - Inte",128 × 90.5 cm,563,800,"1976_Der Flughafen Zürich hat zwei Terminals, A und B- Terminal A.jpg",https://www.emuseum.ch/objects/38054/
brockmann,제외_타인명의,제외_타인명의,1979,Der Mann von La Mancha - Aufrichte - Theater am Stadtgarten Winterthur,127.5 × 90.5 cm,566,800,1979_Der Mann von La Mancha - Aufrichte - Theater am Stadtgarten .jpg,https://www.emuseum.ch/objects/241912/
brockmann,제외_타인명의,제외_타인명의,2003,Lärmterror im Osten - Genug - Geteilte Last ist halbe Last: Keine Ostanflüge ohne Südanflü,128 × 90 cm,560,800,2003_Lärmterror im Osten - Genug - Geteilte Last ist halbe Last- .jpg,https://www.emuseum.ch/objects/25831/
brockmann,제외_타인명의,제외_타인명의,2015,Neu in der Sammlung - Josef Müller-Brockmann - Museum für Gestaltung - Schaudepot,128 × 89.5 cm,559,800,2015_Neu in der Sammlung - Josef Müller-Brockmann - Museum für Ge.jpg,https://www.emuseum.ch/objects/173461/
brockmann,제외_판형,제외_판형,1948,Riddersalen - Caligula - A. Camus - Kl. 20 Central 15.419,54.5 × 36.5 cm,534,800,1948_Riddersalen - Caligula - A. Camus - Kl. 20 Central 15.419.jpg,https://www.emuseum.ch/objects/209116/
brockmann,제외_판형,제외_판형,1957,Überholen...? Im Zweifel nie!,42 × 29.5 cm,563,800,1957_Überholen...- Im Zweifel nie!.jpg,https://www.emuseum.ch/objects/164571/
brockmann,제외_판형,제외_판형,1957,Malende Dichter - Dichtende Maler - Kunstmuseum St. Gallen,21 × 37 cm,800,455,1957_Malende Dichter - Dichtende Maler - Kunstmuseum St. Gallen.jpg,https://www.emuseum.ch/objects/166786/
brockmann,제외_판형,제외_판형,1957,Malende Dichter - Dichtende Maler - Kunstmuseum St. Gallen,21 × 37 cm,800,454,1957_Malende Dichter - Dichtende Maler - Kunstmuseum St. Gallen_2.jpg,https://www.emuseum.ch/objects/166787/
brockmann,제외_판형,제외_판형,1957,Malende Dichter - Dichtende Maler - Kunstmuseum St. Gallen,21 × 37 cm,800,453,1957_Malende Dichter - Dichtende Maler - Kunstmuseum St. Gallen_3.jpg,https://www.emuseum.ch/objects/166788/
brockmann,제외_판형,제외_판형,1957,Réfléchir... avant de dépasser!,42 × 30 cm,567,800,1957_Réfléchir... avant de dépasser!.jpg,https://www.emuseum.ch/objects/166798/
brockmann,제외_판형,제외_판형,1957,Werner Bischof - Das fotografische Werk - Kunstgewerbemuseum Zürich - 14. September - 27. ,40 × 30 cm,601,800,1957_Werner Bischof - Das fotografische Werk - Kunstgewerbemuseum.jpg,https://www.emuseum.ch/objects/167288/
brockmann,제외_판형,제외_판형,1958,Radfahrer - Achtung - Achtung - Radfahrer,42 × 30 cm,565,800,1958_Radfahrer - Achtung - Achtung - Radfahrer.jpg,https://www.emuseum.ch/objects/166794/
brockmann,제외_판형,제외_판형,1960,Weniger Lärm,50 × 35 cm (Unterlage); 42 × 29.5 cm (Bildgrösse),565,800,1960_Weniger Lärm.jpg,https://www.emuseum.ch/objects/164574/
brockmann,제외_판형,제외_판형,1963,Althoff - Winter-Schlussverkauf - 28. Januar 1963 bis 9. Februar 1963,84 × 59.5 cm,568,800,1963_Althoff - Winter-Schlussverkauf - 28. Januar 1963 bis 9. Feb.jpg,https://www.emuseum.ch/objects/6342/
brockmann,제외_판형,제외_판형,1964,"Sonafe - Sommernachtsfest, Belvoirpark Zürich",33 × 21 cm,509,800,"1964_Sonafe - Sommernachtsfest, Belvoirpark Zürich.jpg",https://www.emuseum.ch/objects/167292/
brockmann,제외_판형,제외_판형,1965,Richard P. Lohse - Galerie 58 Rapperswil,73 × 45 cm,491,800,1965_Richard P. Lohse - Galerie 58 Rapperswil.jpg,https://www.emuseum.ch/objects/73691/
brockmann,제외_판형,제외_판형,1970,Spectacle de mime - Kellerbühne am Müllertor,34.5 × 49 cm,800,564,1970_Spectacle de mime - Kellerbühne am Müllertor.jpg,https://www.emuseum.ch/objects/165233/
brockmann,제외_판형,제외_판형,1994,Josef Müller-Brockmann - Visuelle Kommunikation und konstruktive Gestaltung: Ein Pionier d,68 × 49 cm,565,800,1994_Josef Müller-Brockmann - Visuelle Kommunikation und konstruk.jpg,https://www.emuseum.ch/objects/5663/
brockmann,제외_판형,제외_판형,연도미상,Das ist Gruppe 21 - Symbol des guten Design,71 × 51 cm,569,800,연도미상_Das ist Gruppe 21 - Symbol des guten Design.jpg,https://www.emuseum.ch/objects/164569/
brockmann,코어,코어/Ausstellung,1948,Deine Wohnung - Dein Nachbar - Deine Heimat - Ausstellung im Helmhaus,127 × 90 cm,562,800,1948_Deine Wohnung - Dein Nachbar - Deine Heimat - Ausstellung im.jpg,https://www.emuseum.ch/objects/74233/
brockmann,코어,코어/Ausstellung,1953,T - Das Plakat - 400 neue Plakate aus 25 Ländern - Kunstgewerbemuseum Zürich,127 × 90 cm,564,800,1953_T - Das Plakat - 400 neue Plakate aus 25 Ländern - Kunstgewe.jpg,https://www.emuseum.ch/objects/74268/
brockmann,코어,코어/Ausstellung,1957,Werner Bischof - Das fotografische Werk - Kunstgewerbemuseum Zürich - 14. September bis 27,127 × 90 cm,566,800,1957_Werner Bischof - Das fotografische Werk - Kunstgewerbemuseum.jpg,https://www.emuseum.ch/objects/74269/
brockmann,코어,코어/Ausstellung,1958,"The Family of Man - ""Wir Menschen"" - Kunstgewerbemuseum Zürich - Foto-Ausstellung des Muse",127 × 90 cm,562,800,1958_The Family of Man - -Wir Menschen- - Kunstgewerbemuseum Züri.jpg,https://www.emuseum.ch/objects/65632/
brockmann,코어,코어/Ausstellung,1958,Henry van de Velde - Kunstgewerbemuseum Zürich - 6. Juni - 3. August 1958,127 × 90 cm,566,800,1958_Henry van de Velde - Kunstgewerbemuseum Zürich - 6. Juni - 3.jpg,https://www.emuseum.ch/objects/74271/
brockmann,코어,코어/Ausstellung,1958,Werner Bischof - Das fotografische Werk - Gewerbemuseum Basel,128 × 90.5 cm,565,800,1958_Werner Bischof - Das fotografische Werk - Gewerbemuseum Base.jpg,https://www.emuseum.ch/objects/74218/
brockmann,코어,코어/Ausstellung,1958,"The Family of Man - ""Wir Menschen"" - Kunsthalle Bern - Foto-Ausstellung - des Museums of M",128 × 90 cm,562,800,1958_The Family of Man - -Wir Menschen- - Kunsthalle Bern - Foto-.jpg,https://www.emuseum.ch/objects/67683/
brockmann,코어,코어/Ausstellung,1960,Kunstgewerbemuseum Zürich - Ausstellung - Der Film,127 × 90 cm,565,800,1960_Kunstgewerbemuseum Zürich - Ausstellung - Der Film.jpg,https://www.emuseum.ch/objects/65641/
brockmann,코어,코어/Ausstellung,1961,Zürich plant und baut - Helmhaus Zürich - 12.Oktober -15.November 1961,127 × 90 cm,567,800,1961_Zürich plant und baut - Helmhaus Zürich - 12.Oktober -15.Nov.jpg,https://www.emuseum.ch/objects/62210/
brockmann,코어,코어/Ausstellung,1986,Kunsthaus Zürich - Hans Arp - Hugo Ball,128 × 90.5 cm,566,800,1986_Kunsthaus Zürich - Hans Arp - Hugo Ball.jpg,https://www.emuseum.ch/objects/74254/
brockmann,코어,코어/Ausstellung,1994,Zürcher Szenen von Edi Baur - Ausstellung im Stadthaus Zürich - 16.Dez. 1994 bis 10. März ,128 × 90.5 cm,568,800,1994_Zürcher Szenen von Edi Baur - Ausstellung im Stadthaus Züric.jpg,https://www.emuseum.ch/objects/3065/
brockmann,코어,코어/BEA,1956,Fly Viscount - Fly BEA - British European Airways,127 × 90 cm,566,800,1956_Fly Viscount - Fly BEA - British European Airways.jpg,https://www.emuseum.ch/objects/73997/
brockmann,코어,코어/BEA,1958,Fly Viscount - the Rolls Royce of the skies - BEA - British European Airways,127 × 90 cm,567,800,1958_Fly Viscount - the Rolls Royce of the skies - BEA - British .jpg,https://www.emuseum.ch/objects/73998/
brockmann,코어,코어/Juni_Festwochen,1950,Kunstgewerbemuseum - Die gute Form - Wanderausstellung der SWB - Juni-Festwochen Zürich 19,127 × 90 cm,569,800,1950_Kunstgewerbemuseum - Die gute Form - Wanderausstellung der S.jpg,https://www.emuseum.ch/objects/74267/
brockmann,코어,코어/Juni_Festwochen,1950,Schauspielhaus - Juni-Festwochen Zürich 1950,127 × 90 cm,574,800,1950_Schauspielhaus - Juni-Festwochen Zürich 1950.jpg,https://www.emuseum.ch/objects/73954/
brockmann,코어,코어/Juni_Festwochen,1950,Juni-Festwochen Zürich 1950 - Helmhaus - Grosse Chinesische Maler der Ming- und Tsing-Dyna,127 × 90 cm,567,800,1950_Juni-Festwochen Zürich 1950 - Helmhaus - Grosse Chinesische .jpg,https://www.emuseum.ch/objects/73961/
brockmann,코어,코어/Juni_Festwochen,1950,Tonhalle - Juni-Festwochen Zürich 1950,127 × 90 cm,566,800,1950_Tonhalle - Juni-Festwochen Zürich 1950.jpg,https://www.emuseum.ch/objects/73967/
brockmann,코어,코어/Juni_Festwochen,1950,Stadttheater - Juni-Festwochen 1950,127 × 90 cm,566,800,1950_Stadttheater - Juni-Festwochen 1950.jpg,https://www.emuseum.ch/objects/73972/
brockmann,코어,코어/Juni_Festwochen,1953,Tonhalle Grosser Saal - Juni-Festwochen Zürich 1953 - Leitung Otto Ackermann - Solist Yehu,127 × 90 cm,568,800,1953_Tonhalle Grosser Saal - Juni-Festwochen Zürich 1953 - Leitun.jpg,https://www.emuseum.ch/objects/73994/
brockmann,코어,코어/Juni_Festwochen,1953,Tonhalle Grosser Saal - Juni-Festwochen Zürich 1953 - Tonhalle Zürich - Leitung Paul Kleck,127 × 90 cm,569,800,1953_Tonhalle Grosser Saal - Juni-Festwochen Zürich 1953 - Tonhal.jpg,https://www.emuseum.ch/objects/73995/
brockmann,코어,코어/Juni_Festwochen,1953,Juni-Festwochen Zürich 1953 - Tonhalle Grosser Saal - George Szell - (...),127 × 90 cm,566,800,1953_Juni-Festwochen Zürich 1953 - Tonhalle Grosser Saal - George.jpg,https://www.emuseum.ch/objects/74017/
brockmann,코어,코어/Juni_Festwochen,1955,Erich Schmid - Leitung - Carl Seemann - Klavier - Wolfgang Schneiderhan - Violine - Enrico,127 × 90 cm,567,800,1955_Erich Schmid - Leitung - Carl Seemann - Klavier - Wolfgang S.jpg,https://www.emuseum.ch/objects/150068/
brockmann,코어,코어/Juni_Festwochen,1956,Juni-Festwochen Zürich 1956 - 3. Juni-Festkonzert - Leitung Hans Rosbaud - Gesang Elsa Cav,127 × 90 cm,566,800,1956_Juni-Festwochen Zürich 1956 - 3. Juni-Festkonzert - Leitung .jpg,https://www.emuseum.ch/objects/73981/
brockmann,코어,코어/Juni_Festwochen,1956,Juni-Festwochen Zürich 1956 - 1. Juni-Festkonzert - Leitung Otto Klemperer - Violine Natha,127 × 90 cm,566,800,1956_Juni-Festwochen Zürich 1956 - 1. Juni-Festkonzert - Leitung .jpg,https://www.emuseum.ch/objects/75329/
brockmann,코어,코어/Juni_Festwochen,1956,Juni-Festwochen Zürich 1956 - 2. Juni-Festkonzert - Leitung Ataulfo Argenta - Klavier Wilh,127 × 90 cm,567,800,1956_Juni-Festwochen Zürich 1956 - 2. Juni-Festkonzert - Leitung .jpg,https://www.emuseum.ch/objects/75330/
brockmann,코어,코어/Juni_Festwochen,1956,Juni-Festwochen Zürich 1956 - 4. Juni-Festkonzert - Leitung Leopold Stokowski - Beethoven ,127 × 90 cm,565,800,1956_Juni-Festwochen Zürich 1956 - 4. Juni-Festkonzert - Leitung .jpg,https://www.emuseum.ch/objects/75331/
brockmann,코어,코어/Juni_Festwochen,1956,Juni-Festwochen Zürich 1956 - 5. Juni-Festkonzert - Leitung Georg Solti - Klavier Alexande,127 × 90 cm,565,800,1956_Juni-Festwochen Zürich 1956 - 5. Juni-Festkonzert - Leitung .jpg,https://www.emuseum.ch/objects/75332/
brockmann,코어,코어/Juni_Festwochen,1957,Junifestwochen Zürich 1957 - Stadttheater,127 × 90 cm,566,800,1957_Junifestwochen Zürich 1957 - Stadttheater.jpg,https://www.emuseum.ch/objects/73974/
brockmann,코어,코어/Juni_Festwochen,1957,Juni-Festwochen Zürich 1957 - Tonhalle Grosser Saal - 4. Junifestkonzert - Leitung Carl Sc,127 × 90 cm,566,800,1957_Juni-Festwochen Zürich 1957 - Tonhalle Grosser Saal - 4. Jun.jpg,https://www.emuseum.ch/objects/73988/
brockmann,코어,코어/Juni_Festwochen,1959,Juni-Festwochen Zürich 1959 - Abschiedskonzerte von Dr. Volkmar Andreae,127 × 90 cm,572,800,1959_Juni-Festwochen Zürich 1959 - Abschiedskonzerte von Dr. Volk.jpg,https://www.emuseum.ch/objects/73955/
brockmann,코어,코어/Juni_Festwochen,1959,Juni-Festwochen Zürich 1959 - Stadttheater,127 × 90 cm,563,800,1959_Juni-Festwochen Zürich 1959 - Stadttheater.jpg,https://www.emuseum.ch/objects/73971/
brockmann,코어,코어/Juni_Festwochen,1959,Juni-Festwochen Zürich 1959 - Tonhalle Grosser Saal - Leitung Hans Rosbaud - Solisten Mari,127 × 90 cm,568,800,1959_Juni-Festwochen Zürich 1959 - Tonhalle Grosser Saal - Leitun.jpg,https://www.emuseum.ch/objects/73992/
brockmann,코어,코어/Juni_Festwochen,1960,Viertes Juni-Festkonzert 1960 der Tonhalle-Gesellschaft - Französische Musik,127 × 90 cm,563,800,1960_Viertes Juni-Festkonzert 1960 der Tonhalle-Gesellschaft - Fr.jpg,https://www.emuseum.ch/objects/73956/
brockmann,코어,코어/Juni_Festwochen,1960,Juni-Festwochen Zürich 1960 - Stadttheater,127 × 90 cm,566,800,1960_Juni-Festwochen Zürich 1960 - Stadttheater.jpg,https://www.emuseum.ch/objects/73970/
brockmann,코어,코어/Juni_Festwochen,1961,Juni-Festwochen Zürich - Stadttheater,127 × 90 cm,564,800,1961_Juni-Festwochen Zürich - Stadttheater.jpg,https://www.emuseum.ch/objects/73969/
brockmann,코어,코어/Juni_Festwochen,1962,Internationale Juni-Festwochen Zürich - Sinfonie-Konzerte der Tonhalle-Gesellschaft Zürich,128 × 90 cm,571,800,1962_Internationale Juni-Festwochen Zürich - Sinfonie-Konzerte de.jpg,https://www.emuseum.ch/objects/74031/
brockmann,코어,코어/Juni_Festwochen,1962,Internationale Juni-Festwochen 1962 - Stadttheater Zürich,127 × 90 cm,566,800,1962_Internationale Juni-Festwochen 1962 - Stadttheater Zürich.jpg,https://www.emuseum.ch/objects/74067/
brockmann,코어,코어/Juni_Festwochen,1963,Internationale Juni-Festwochen - Stadttheater Zürich - 1963,128 × 90.5 cm,566,800,1963_Internationale Juni-Festwochen - Stadttheater Zürich - 1963.jpg,https://www.emuseum.ch/objects/73968/
brockmann,코어,코어/Juni_Festwochen,1963,1963 - Sinfonie-Konzerte der Tonhalle-Gesellschaft - Internationale Juni-Festwochen Zürich,128 × 90.5 cm,563,800,1963_1963 - Sinfonie-Konzerte der Tonhalle-Gesellschaft - Interna.jpg,https://www.emuseum.ch/objects/74266/
brockmann,코어,코어/Juni_Festwochen,1964,Juni-Festwochen Zürich 1964 - Sinfoniekonzerte,127 × 90 cm,564,800,1964_Juni-Festwochen Zürich 1964 - Sinfoniekonzerte.jpg,https://www.emuseum.ch/objects/74000/
brockmann,코어,코어/Juni_Festwochen,1964,Stadttheater Zürich - Internationale Juni-Festwochen - (...),127 × 90 cm,564,800,1964_Stadttheater Zürich - Internationale Juni-Festwochen - (...).jpg,https://www.emuseum.ch/objects/74034/
brockmann,코어,코어/Juni_Festwochen,1965,Internationale Juni-Festwochen Zürich 1965 - Konzerte der Tonhalle-Gesellschaft,127 × 90 cm,566,800,1965_Internationale Juni-Festwochen Zürich 1965 - Konzerte der To.jpg,https://www.emuseum.ch/objects/74029/
brockmann,코어,코어/Juni_Festwochen,1965,Opernhaus Zürich - Internationale Juni-Festwochen Zürich 1965 - 29. Mai - 29. Juni 1965,127 × 90 cm,564,800,1965_Opernhaus Zürich - Internationale Juni-Festwochen Zürich 196.jpg,https://www.emuseum.ch/objects/74078/
brockmann,코어,코어/Juni_Festwochen,1965,Opernhaus Zürich - Internationale Juni-Festwochen 1965,127 × 90 cm,565,800,1965_Opernhaus Zürich - Internationale Juni-Festwochen 1965.jpg,https://www.emuseum.ch/objects/144183/
brockmann,코어,코어/Juni_Festwochen,1966,Juni-Festwochen 66 - Tonhalle Gesellschaft Zürich,127 × 90 cm,564,800,1966_Juni-Festwochen 66 - Tonhalle Gesellschaft Zürich.jpg,https://www.emuseum.ch/objects/74037/
brockmann,코어,코어/Juni_Festwochen,1966,Opernhaus Zürich - Internationale Juni-Festwochen Zürich 1966 - (...),127 × 90 cm,567,800,1966_Opernhaus Zürich - Internationale Juni-Festwochen Zürich 196.jpg,https://www.emuseum.ch/objects/74077/
brockmann,코어,코어/Juni_Festwochen,1971,"Junifestwochen Zürich 1971 - 1. Junifestkonzert - Tonhalle - Donnerstag, 13. Juni 1957 - H",127 × 90 cm,566,800,1971_Junifestwochen Zürich 1971 - 1. Junifestkonzert - Tonhalle -.jpg,https://www.emuseum.ch/objects/74216/
brockmann,코어,코어/Musica_Viva,1956,Musica Viva - Hartmann - Bartok - Honegger - 20. Volkskonzert - 8.Mai 1956,127 × 90 cm,566,800,1956_Musica Viva - Hartmann - Bartok - Honegger - 20. Volkskonzer.jpg,https://www.emuseum.ch/objects/73957/
brockmann,코어,코어/Musica_Viva,1956,Musica Viva - V. Einem - Schönberg - Strawinsky - 11. Volkskonzert der Tonhalle-Gesellscha,127 × 90 cm,566,800,1956_Musica Viva - V. Einem - Schönberg - Strawinsky - 11. Volksk.jpg,https://www.emuseum.ch/objects/73980/
brockmann,코어,코어/Musica_Viva,1956,"Strawinsky - Musica viva - Dienstag, 16. Okt. 1956 - 1. Extrakonzert - Tonhalle Grosser Sa",127 × 90 cm,567,800,"1956_Strawinsky - Musica viva - Dienstag, 16. Okt. 1956 - 1. Extr.jpg",https://www.emuseum.ch/objects/73983/
brockmann,코어,코어/Musica_Viva,1957,Musica Viva - 16. Volkskonzert - 26.März 1957 - Tonhalle Grosser Saal - Hans Rosbaud - O. ,127 × 90 cm,566,800,1957_Musica Viva - 16. Volkskonzert - 26.März 1957 - Tonhalle Gro.jpg,https://www.emuseum.ch/objects/73982/
brockmann,코어,코어/Musica_Viva,1957,Musica Viva - Thyl Claes - Tonhalle Grosser Saal,127 × 90 cm,568,800,1957_Musica Viva - Thyl Claes - Tonhalle Grosser Saal.jpg,https://www.emuseum.ch/objects/73991/
brockmann,코어,코어/Musica_Viva,1957,Musica Viva - Grosser Saal Tonhalle - Leitung Erich Schmid,127 × 90 cm,560,800,1957_Musica Viva - Grosser Saal Tonhalle - Leitung Erich Schmid.jpg,https://www.emuseum.ch/objects/74182/
brockmann,코어,코어/Musica_Viva,1957,Musica Viva - Paul Hindemith - Sonate für Viola und Klavier - Tonhalle kleiner Saal,128 × 90.5 cm,565,800,1957_Musica Viva - Paul Hindemith - Sonate für Viola und Klavier .jpg,https://www.emuseum.ch/objects/10473/
brockmann,코어,코어/Musica_Viva,1958,Végh-Quartett - Musica Viva - Paul Hindemith - Alban Berg - Béla Bartók,127 × 90 cm,563,800,1958_Végh-Quartett - Musica Viva - Paul Hindemith - Alban Berg - .jpg,https://www.emuseum.ch/objects/73965/
brockmann,코어,코어/Musica_Viva,1958,Tonhalle-Quartett - Zürcher Bläser-Quintett - Strawinsky - Schönberg - Honegger - Musica v,127 × 90 cm,564,800,1958_Tonhalle-Quartett - Zürcher Bläser-Quintett - Strawinsky - S.jpg,https://www.emuseum.ch/objects/74193/
brockmann,코어,코어/Musica_Viva,1958,"Musica viva - Dienstag, den 7. Januar 1958 - Schweizerische Erstaufführungen",128 × 90.5 cm,566,800,"1958_Musica viva - Dienstag, den 7. Januar 1958 - Schweizerische .jpg",https://www.emuseum.ch/objects/11329/
brockmann,코어,코어/Musica_Viva,1959,"19. Volkskonzert der Tonhalle-Gesellschaft Zürich - Dienstag, 5. Mai 1959 - Musica viva - ",127 × 90 cm,567,800,1959_19. Volkskonzert der Tonhalle-Gesellschaft Zürich - Dienstag.jpg,https://www.emuseum.ch/objects/73966/
brockmann,코어,코어/Musica_Viva,1959,Musica viva - Erich Schmid Leitung - Adolf Neumeier Schlagzeug - Georg Kertesz Bratsche - ,127 × 90 cm,566,800,1959_Musica viva - Erich Schmid Leitung - Adolf Neumeier Schlagze.jpg,https://www.emuseum.ch/objects/74192/
brockmann,코어,코어/Musica_Viva,1959,Musica Viva - Kleiner Tonhallesaal - Matthias Hauer - Werner Speth - Karlheinz Stockhausen,127 × 90 cm,563,800,1959_Musica Viva - Kleiner Tonhallesaal - Matthias Hauer - Werner.jpg,https://www.emuseum.ch/objects/74217/
brockmann,코어,코어/Musica_Viva,1960,"Donnerstag, den 7.Januar 1960, 20.15 Uhr, Grosser Tonhallesaal, zehntes Volkskonzert der T",127 × 90 cm,562,800,"1960_Donnerstag, den 7.Januar 1960, 20.15 Uhr, Grosser Tonhallesa.jpg",https://www.emuseum.ch/objects/62212/
brockmann,코어,코어/Musica_Viva,1960,"Musica viva - Donnerstag, 10. März 1960 - Tonhalle Grosser Saal - Leitung Erich Schmid - S",127 × 90 cm,563,800,"1960_Musica viva - Donnerstag, 10. März 1960 - Tonhalle Grosser S.jpg",https://www.emuseum.ch/objects/74069/
brockmann,코어,코어/Musica_Viva,1961,Musica viva - The Fine Arts Quartet - Arnold Schönberg - Walter Piston - Julian Orbon,127 × 90 cm,564,800,1961_Musica viva - The Fine Arts Quartet - Arnold Schönberg - Wal.jpg,https://www.emuseum.ch/objects/74033/
brockmann,코어,코어/Musica_Viva,1961,"Tonhalle Grosser Saal - Musica viva - Freitag, den 6. Januar 1961 - Winfried Zillig - Konz",127 × 90 cm,567,800,"1961_Tonhalle Grosser Saal - Musica viva - Freitag, den 6. Januar.jpg",https://www.emuseum.ch/objects/74047/
brockmann,코어,코어/Musica_Viva,1961,Rudolf Kelterborn - Karl Amadeus Hartmann - Arnold Schönberg - Musica viva,127 × 90 cm,562,800,1961_Rudolf Kelterborn - Karl Amadeus Hartmann - Arnold Schönberg.jpg,https://www.emuseum.ch/objects/74066/
brockmann,코어,코어/Musica_Viva,1961,"Musica viva - Dienstag, den 18. April 1961 - Tonhalle Grosser Saal - Viertes Konzert - Arn",127 × 90 cm,564,800,"1961_Musica viva - Dienstag, den 18. April 1961 - Tonhalle Grosse.jpg",https://www.emuseum.ch/objects/74246/
brockmann,코어,코어/Musica_Viva,1962,Musica Viva - Hans Rosbaud - Anton Fietz (...) - 2. Musica Viva-Konzert - Tonhalle Grosser,127 × 90 cm,566,800,1962_Musica Viva - Hans Rosbaud - Anton Fietz (...) - 2. Musica V.jpg,https://www.emuseum.ch/objects/62211/
brockmann,코어,코어/Musica_Viva,1962,Musica Viva - Ensemble de Musique Moderne - Eric Satie - Arnold Schönberg - Kleiner Tonhal,127 × 90 cm,566,800,1962_Musica Viva - Ensemble de Musique Moderne - Eric Satie - Arn.jpg,https://www.emuseum.ch/objects/74063/
brockmann,코어,코어/Musica_Viva,1963,Musica Viva - Anton Webern - Alban Berg - Arnold Schönberg - Hans Rosbaud - Heribert Lauer,127 × 90 cm,566,800,1963_Musica Viva - Anton Webern - Alban Berg - Arnold Schönberg -.jpg,https://www.emuseum.ch/objects/74064/
brockmann,코어,코어/Musica_Viva,1964,Musica Viva - Räto Tschupp - Andrej Lütschg - (...) - Tonhalle Grosser Saal - 18. Volkskon,127 × 90 cm,564,800,1964_Musica Viva - Räto Tschupp - Andrej Lütschg - (...) - Tonhal.jpg,https://www.emuseum.ch/objects/74016/
brockmann,코어,코어/Opernhaus,1964,Opernhaus Zürich - Eröffnung der Spielzeit 1964/65 - Oberon - Carmen -,127 × 90 cm,565,800,1964_Opernhaus Zürich - Eröffnung der Spielzeit 1964-65 - Oberon .jpg,https://www.emuseum.ch/objects/74212/
brockmann,코어,코어/Opernhaus,1964,Opernhaus Zürich - Die vier Grobiane - Komische Oper von Ermano Wolf-Ferrari - 7. Novermbe,128 × 90.5 cm,566,800,1964_Opernhaus Zürich - Die vier Grobiane - Komische Oper von Erm.jpg,https://www.emuseum.ch/objects/74245/
brockmann,코어,코어/Opernhaus,1964,"Opernhaus Zürich - Die Schneekönigin - Märchenvorstellung. Uraufführung. Samstag, 28. Nove",128 × 90.5 cm,566,800,1964_Opernhaus Zürich - Die Schneekönigin - Märchenvorstellung. U.jpg,https://www.emuseum.ch/objects/74251/
brockmann,코어,코어/Opernhaus,1964,Opernhaus Zürich - Dornröschen - Musik von Peter Iljitsch Tschaikowsky,128 × 90.5 cm,566,800,1964_Opernhaus Zürich - Dornröschen - Musik von Peter Iljitsch Ts.jpg,https://www.emuseum.ch/objects/74252/
brockmann,코어,코어/Opernhaus,1964,Opernhaus Zürich - Wiener Blut - Operette von Johann Strauss - 26. September 1964,128 × 90.5 cm,563,800,1964_Opernhaus Zürich - Wiener Blut - Operette von Johann Strauss.jpg,https://www.emuseum.ch/objects/74262/
brockmann,코어,코어/Opernhaus,1965,Opernhaus Zürich - Der Igel als Bräutigam - 4. Dezember 1965,127 × 90 cm,564,800,1965_Opernhaus Zürich - Der Igel als Bräutigam - 4. Dezember 1965.jpg,https://www.emuseum.ch/objects/74008/
brockmann,코어,코어/Opernhaus,1965,Opernhaus Zürich - Eröffnung der Spielzeit 1965/66 - Die verkaufte Braut - Nachtflug - Der,127 × 90 cm,566,800,1965_Opernhaus Zürich - Eröffnung der Spielzeit 1965-66 - Die ver.jpg,https://www.emuseum.ch/objects/74080/
brockmann,코어,코어/Opernhaus,1965,Opernhaus Zürich - Der Opernball - von Richard Heuberger - 30. Dezember 1965,127 × 90 cm,566,800,1965_Opernhaus Zürich - Der Opernball - von Richard Heuberger - 3.jpg,https://www.emuseum.ch/objects/74162/
brockmann,코어,코어/Opernhaus,1965,Opernhaus Zürich - Schwanensee - Ballett von Peter I. Tschaikowsky - Samstag 2. Oktober 19,128 × 90.5 cm,563,800,1965_Opernhaus Zürich - Schwanensee - Ballett von Peter I. Tschai.jpg,https://www.emuseum.ch/objects/74168/
brockmann,코어,코어/Opernhaus,1965,Opernhaus Zürich - Orpheus in der Unterwelt - Operette von Jacques Offenbach - 27. Februar,127 × 90 cm,572,800,1965_Opernhaus Zürich - Orpheus in der Unterwelt - Operette von J.jpg,https://www.emuseum.ch/objects/74197/
brockmann,코어,코어/Opernhaus,1965,"Opernhaus Zürich - Der Liebestrank - Komische Oper von Gaetano Donizetti - Samstag, 15. Ma",128 × 90.5 cm,566,800,1965_Opernhaus Zürich - Der Liebestrank - Komische Oper von Gaeta.jpg,https://www.emuseum.ch/objects/74211/
brockmann,코어,코어/Opernhaus,1965,Opernhaus Zürich - Die Liebe zu den drei Orangen - Oper von Sergej Prokofieff - Erstauffüh,128 × 90.5 cm,564,800,1965_Opernhaus Zürich - Die Liebe zu den drei Orangen - Oper von .jpg,https://www.emuseum.ch/objects/74260/
brockmann,코어,코어/Opernhaus,1965,Opernhaus Zürich - Der Vogelhändler - Operette von Carl Zeller - 30. Oktober 1965,128 × 90.5 cm,563,800,1965_Opernhaus Zürich - Der Vogelhändler - Operette von Carl Zell.jpg,https://www.emuseum.ch/objects/74261/
brockmann,코어,코어/Opernhaus,1965,Opernhaus Zürich - Andrea Chenier - Musikalisches Drama von Umberto Giordano - 27.3.1965,128 × 90.5 cm,563,800,1965_Opernhaus Zürich - Andrea Chenier - Musikalisches Drama von .jpg,https://www.emuseum.ch/objects/74263/
brockmann,코어,코어/Opernhaus,1965,Opernhaus Zürich - Undine - Ballett von Frederick Ashton - Musik von Hans Werner Henze - 2,128 × 90.5 cm,566,800,1965_Opernhaus Zürich - Undine - Ballett von Frederick Ashton - M.jpg,https://www.emuseum.ch/objects/74264/
brockmann,코어,코어/Opernhaus,1966,Opernhaus Zürich - Don Carlos - Oper von Giuseppe Verdi - 5. Februar 1966,127 × 90 cm,566,800,1966_Opernhaus Zürich - Don Carlos - Oper von Giuseppe Verdi - 5..jpg,https://www.emuseum.ch/objects/74014/
brockmann,코어,코어/Opernhaus,1966,Opernhaus Zürich - Wenn ich König wär... - Oper von Adolphe Adam - 16. April 1966,127 × 90 cm,564,800,1966_Opernhaus Zürich - Wenn ich König wär... - Oper von Adolphe .jpg,https://www.emuseum.ch/objects/74076/
brockmann,코어,코어/Opernhaus,1966,Opernhaus Zürich - Ballettabend - Don Quijote - Lessons in love - Titus Feuerfuchs,127 × 90 cm,566,800,1966_Opernhaus Zürich - Ballettabend - Don Quijote - Lessons in l.jpg,https://www.emuseum.ch/objects/74161/
brockmann,코어,코어/Opernhaus,1966,Opernhaus Zürich - Der fliegende Holländer - von Richard Wagner - 19. März 1966,128 × 90 cm,570,800,1966_Opernhaus Zürich - Der fliegende Holländer - von Richard Wag.jpg,https://www.emuseum.ch/objects/74163/
brockmann,코어,코어/Opernhaus,1966,Opernhaus Zürich - Eröffnung der Spielzeit 1966/67 - Tannhäuser - Bluthochzeit - 3. und 7.,127 × 90 cm,562,800,1966_Opernhaus Zürich - Eröffnung der Spielzeit 1966-67 - Tannhäu.jpg,https://www.emuseum.ch/objects/74247/
brockmann,코어,코어/Opernhaus,1966,Opernhaus Zürich - Die lustige Witwe - Operette von Franz Léhar - 30. Dezember 1966,128 × 90.5 cm,565,800,1966_Opernhaus Zürich - Die lustige Witwe - Operette von Franz Lé.jpg,https://www.emuseum.ch/objects/74259/
brockmann,코어,코어/Schauspielhaus,1961,Stadttheater Zürich - Fünf Fest-Vorstellungen - Fidelio - Oper von Ludwig van Beethoven - ,127 × 90 cm,563,800,1961_Stadttheater Zürich - Fünf Fest-Vorstellungen - Fidelio - Op.jpg,https://www.emuseum.ch/objects/74068/
brockmann,코어,코어/Schauspielhaus,1962,Stadttheater Zürich - The New York City Ballet - 11. - 15. Sept. 1962,127 × 90 cm,566,800,1962_Stadttheater Zürich - The New York City Ballet - 11. - 15. S.jpg,https://www.emuseum.ch/objects/73973/
brockmann,코어,코어/Sonstige,1900,"Josef Müller-Brockmann - Affiches/projets - Impressions 1900 1950 - 43, rue de Verneuil, P",128 × 90.5 cm,566,800,1900_Josef Müller-Brockmann - Affiches-projets - Impressions 1900.jpg,https://www.emuseum.ch/objects/74255/
brockmann,코어,코어/Sonstige,1949,Freies Lyceum - Tages- und Abendkurse,127 × 90 cm,567,800,1949_Freies Lyceum - Tages- und Abendkurse.jpg,https://www.emuseum.ch/objects/74003/
brockmann,코어,코어/Sonstige,1950,Bundesfinanzreform Ja - Zurück zur Verfassung,127 × 90 cm,566,800,1950_Bundesfinanzreform Ja - Zurück zur Verfassung.jpg,https://www.emuseum.ch/objects/74061/
brockmann,코어,코어/Sonstige,1951,köstlich und nahrhaft - Bschüssig Eierteigwaren,127 × 90 cm,564,800,1951_köstlich und nahrhaft - Bschüssig Eierteigwaren.jpg,https://www.emuseum.ch/objects/74002/
brockmann,코어,코어/Sonstige,1955,Für alle... - Oscar Weber,127 × 90 cm,562,800,1955_Für alle... - Oscar Weber.jpg,https://www.emuseum.ch/objects/74230/
brockmann,코어,코어/Sonstige,1957,Wir telefonieren mit der ganzen Welt - schneller und billiger,127 × 90 cm,568,800,1957_Wir telefonieren mit der ganzen Welt - schneller und billige.jpg,https://www.emuseum.ch/objects/71751/
brockmann,코어,코어/Tonhalle_Konzert,1952,Tonhalle Zürich Grosser Saal - 10. Abonnementskonzert der Tonhalle-Gesellschaft - Erich Sc,127 × 90 cm,569,800,1952_Tonhalle Zürich Grosser Saal - 10. Abonnementskonzert der To.jpg,https://www.emuseum.ch/objects/74232/
brockmann,코어,코어/Tonhalle_Konzert,1954,Extrakonzert - Tonhalle Grosser Saal - Solistin Clara Haskil - 7. Dezember 1954,127 × 90 cm,565,800,1954_Extrakonzert - Tonhalle Grosser Saal - Solistin Clara Haskil.jpg,https://www.emuseum.ch/objects/73987/
brockmann,코어,코어/Tonhalle_Konzert,1955,Carl Schuricht Leitung - Erica Morini Violine - Beethoven - Brahms - Strauss - Tonhalle Gr,127 × 90 cm,566,800,1955_Carl Schuricht Leitung - Erica Morini Violine - Beethoven - .jpg,https://www.emuseum.ch/objects/73986/
brockmann,코어,코어/Tonhalle_Konzert,1955,Strawinsky - Berg - Fortner - Tonhalle grosser Saal,128 × 90.5 cm,568,800,1955_Strawinsky - Berg - Fortner - Tonhalle grosser Saal.jpg,https://www.emuseum.ch/objects/8814/
brockmann,코어,코어/Tonhalle_Konzert,1955,Beethoven - Tonhalle - Grosser Saal,127 × 89 cm,563,800,1955_Beethoven - Tonhalle - Grosser Saal.jpg,https://www.emuseum.ch/objects/9437/
brockmann,코어,코어/Tonhalle_Konzert,1955,Ferenc Fricsay - Leitung - Arthur Rubinstein - Solist - Tonhalle-Orchester - Beethoven - B,127 × 90 cm,568,800,1955_Ferenc Fricsay - Leitung - Arthur Rubinstein - Solist - Tonh.jpg,https://www.emuseum.ch/objects/150069/
brockmann,코어,코어/Tonhalle_Konzert,1957,Extra-Konzert - Leitung Carl Schuricht - Violine Johanna Martzy - J. S. Bach - A. Bruckner,127 × 90 cm,566,800,1957_Extra-Konzert - Leitung Carl Schuricht - Violine Johanna Mar.jpg,https://www.emuseum.ch/objects/73989/
brockmann,코어,코어/Tonhalle_Konzert,1958,Collegium Musicum Zürich - Leitung: Paul Sieber - 5 Kammerorchester-Konzerte in der Tonhal,127 × 90 cm,566,800,1958_Collegium Musicum Zürich - Leitung- Paul Sieber - 5 Kammeror.jpg,https://www.emuseum.ch/objects/74221/
brockmann,코어,코어/Verkehr,1953,Automobile-Club de Suisse - Protégez l'enfant!,128 × 90.5 cm,563,800,1953_Automobile-Club de Suisse - Protégez l'enfant!.jpg,https://www.emuseum.ch/objects/17415/
brockmann,코어,코어/Verkehr,1953,Schützt das Kind!,128 × 90.5 cm,566,800,1953_Schützt das Kind!.jpg,https://www.emuseum.ch/objects/16939/
brockmann,코어,코어/Verkehr,1955,Das freundliche Handzeichen schützt vor Unfällen,127 × 90 cm,565,800,1955_Das freundliche Handzeichen schützt vor Unfällen.jpg,https://www.emuseum.ch/objects/48430/
brockmann,코어,코어/Verkehr,1957,Überholen ...? Im Zweifel nie!,128 × 90.5 cm,566,800,1957_Überholen ...- Im Zweifel nie!.jpg,https://www.emuseum.ch/objects/10161/
brockmann,코어,코어/Verkehr,1958,Strassenbau-Vorlage ja,127 × 90 cm,556,800,1958_Strassenbau-Vorlage ja.jpg,https://www.emuseum.ch/objects/48435/
brockmann,코어,코어/Verkehr,1958,Projet constitutionnel sur le routier réseau Oui,127 × 90 cm,564,800,1958_Projet constitutionnel sur le routier réseau Oui.jpg,https://www.emuseum.ch/objects/75460/
brockmann,코어,코어/Verkehr,1958,Cycliste - Attention - Attention - Cycliste,128 × 90.5 cm,564,800,1958_Cycliste - Attention - Attention - Cycliste.jpg,https://www.emuseum.ch/objects/116016/
brockmann,코어,코어/Verkehr,1958,Radfahrer - Achtung - Achtung - Radfahrer,128 × 90.5 cm,563,800,1958_Radfahrer - Achtung - Achtung - Radfahrer.jpg,https://www.emuseum.ch/objects/116464/
brockmann,코어,코어/Verkehr,1960,Moins de bruit,128 × 90.5 cm,565,800,1960_Moins de bruit.jpg,https://www.emuseum.ch/objects/12247/
brockmann,코어,코어/Verkehr,1960,Weniger Lärm,128 × 90.5 cm,564,800,1960_Weniger Lärm.jpg,https://www.emuseum.ch/objects/5258/
brockmann,코어,코어/Volg,1956,Volg -Traubensaft - naturrein,127 × 90 cm,565,800,1956_Volg -Traubensaft - naturrein.jpg,https://www.emuseum.ch/objects/74001/
brockmann,코어,코어/Volg,1957,Volg Traubensaft naturrein - Gesundheit,127 × 90 cm,562,800,1957_Volg Traubensaft naturrein - Gesundheit.jpg,https://www.emuseum.ch/objects/49799/
brockmann,코어,코어/Volg,1957,Volg Traubensaft naturrein - Konzentration,127 × 90 cm,563,800,1957_Volg Traubensaft naturrein - Konzentration.jpg,https://www.emuseum.ch/objects/71754/
brockmann,코어,코어/Volg,1957,Volg Traubensaft naturrein - Energieleistung,127 × 90 cm,564,800,1957_Volg Traubensaft naturrein - Energieleistung.jpg,https://www.emuseum.ch/objects/71755/
brockmann,코어,코어/Volg,1957,Volg Traubensaft naturrein - Festlichkeit,127 × 90 cm,564,800,1957_Volg Traubensaft naturrein - Festlichkeit.jpg,https://www.emuseum.ch/objects/71756/
brockmann,코어,코어/Volg,1957,Volg Traubensaft naturrein - Zuverlässigkeit,127 × 90 cm,564,800,1957_Volg Traubensaft naturrein - Zuverlässigkeit.jpg,https://www.emuseum.ch/objects/71757/
hofmann,F4,F4/Ausstellung,1990,Ausstellung Armin Hofmann - Werk - Erkundung - Lehre - Deutsches Plakat Museum Essen - 6.A,119 × 84 cm,566,800,1990_Ausstellung Armin Hofmann - Werk - Erkundung - Lehre - Deuts.jpg,https://www.emuseum.ch/objects/71542/
hofmann,F4,F4/Freilichtspiele,1963,Tell - Basler Freilichtspiele beim Letziturm im St. Albantal 15.-31.VIII 1963 - Wilhelm Te,103 × 73 cm,564,800,1963_Tell - Basler Freilichtspiele beim Letziturm im St. Albantal.jpg,https://www.emuseum.ch/objects/3174/
hofmann,F4,F4/Gewerbemuseum_Basel,1952,Gewerbemuseum Basel - 14. Juni - 13. Juli 1952 - Die Ausbildung der baugewerblichen Abteil,100 × 70 cm,554,800,1952_Gewerbemuseum Basel - 14. Juni - 13. Juli 1952 - Die Ausbild.jpg,https://www.emuseum.ch/objects/71509/
hofmann,제외_타인명의,제외_타인명의,2010,Weltformat - Weltformat 10 - Plakatfestival Luzern - 6. bis 14. November,128 × 90.5 cm,559,800,2010_Weltformat - Weltformat 10 - Plakatfestival Luzern - 6. bis .jpg,https://www.emuseum.ch/objects/133955/
hofmann,제외_타인명의,제외_타인명의,2012,"Armin Hofmann - Farbe - (...) - Galerie Susanna Kulli, Zürich - (...)",60 × 42 cm,565,800,"2012_Armin Hofmann - Farbe - (...) - Galerie Susanna Kulli, Züric.jpg",https://www.emuseum.ch/objects/152650/
hofmann,제외_판형,제외_판형,1946,The Basel School of Design and its Philosophy: The Armin Hofmann Years 1946-1986 - An Exhi,97 × 64 cm,527,800,1946_The Basel School of Design and its Philosophy- The Armin Hof.jpg,https://www.emuseum.ch/objects/71539/
hofmann,제외_판형,제외_판형,1954,"Kreis 48 - Albansaal - St. Alban-Vorstadt 12, Basel",42 × 29.5 cm,566,800,"1954_Kreis 48 - Albansaal - St. Alban-Vorstadt 12, Basel.jpg",https://www.emuseum.ch/objects/71543/
hofmann,제외_판형,제외_판형,1981,The Museum of Modern Art New York - Armin Hofmann - Posters,91.5 × 61 cm,532,798,1981_The Museum of Modern Art New York - Armin Hofmann - Posters.jpg,https://www.emuseum.ch/objects/56262/
hofmann,제외_판형,제외_판형,1984,"Art Suisse d'aujourd'hui - Musée Rath Genève - Société Suisse des femmes peintres, sculpte",90 × 62 cm,546,800,1984_Art Suisse d'aujourd'hui - Musée Rath Genève - Société Suiss.jpg,https://www.emuseum.ch/objects/71535/
hofmann,코어,코어/Ausstellung,1955,Ausstellung Helmhaus Zürich - Theaterbau von der Antike bis zur Moderne,127 × 90 cm,567,800,1955_Ausstellung Helmhaus Zürich - Theaterbau von der Antike bis .jpg,https://www.emuseum.ch/objects/56202/
hofmann,코어,코어/Ausstellung,1967,Aus den Sammlungen des Gewerbe-Museums Basel - Ausstellung Architekturtheoretische Werke,127 × 90 cm,566,800,1967_Aus den Sammlungen des Gewerbe-Museums Basel - Ausstellung A.jpg,https://www.emuseum.ch/objects/71515/
hofmann,코어,코어/Ausstellung,1967,Aus den Sammlungen des Gewerbe-Museums Basel - Europäische Seiden und Samte,127 × 90.5 cm,568,800,1967_Aus den Sammlungen des Gewerbe-Museums Basel - Europäische S.jpg,https://www.emuseum.ch/objects/240457/
hofmann,코어,코어/Ausstellung,1986,Basler Kunst im 20.Jh. in Ausschnitten - Aus dem Besitz von Basler Unternehmen - Ausstellu,128 × 90 cm,567,800,1986_Basler Kunst im 20.Jh. in Ausschnitten - Aus dem Besitz von .jpg,https://www.emuseum.ch/objects/71540/
hofmann,코어,코어/Ausstellung,1995,Sehformen der Zeit - Herbert Matter - Foto-Grafiker - Das Werk der zwanziger und dreissige,128 × 90.5 cm,565,800,1995_Sehformen der Zeit - Herbert Matter - Foto-Grafiker - Das We.jpg,https://www.emuseum.ch/objects/6610/
hofmann,코어,코어/Freilichtspiele,1957,Basler Freilichtspiele - Katharina Knie - Kannfeld Park Basel,127 × 90 cm,563,800,1957_Basler Freilichtspiele - Katharina Knie - Kannfeld Park Base.jpg,https://www.emuseum.ch/objects/71518/
hofmann,코어,코어/Freilichtspiele,1959,Giselle - Basler Freilichtspiele,127 × 90 cm,567,798,1959_Giselle - Basler Freilichtspiele.jpg,https://www.emuseum.ch/objects/56272/
hofmann,코어,코어/Freilichtspiele,1963,Wilhelm Tell - Basler Freilichtspiele,128 × 90.5 cm,565,800,1963_Wilhelm Tell - Basler Freilichtspiele.jpg,https://www.emuseum.ch/objects/56273/
hofmann,코어,코어/Gewerbemuseum_Basel,1938,Siedlungsbau in der Schweiz 1938-47 - Ausstellung im Gewerbemuseum Basel,127 × 90 cm,567,800,1938_Siedlungsbau in der Schweiz 1938-47 - Ausstellung im Gewerbe.jpg,https://www.emuseum.ch/objects/56200/
hofmann,코어,코어/Gewerbemuseum_Basel,1949,Ausstellung im Gewerbemuseum Basel - Photographie in der Schweiz,127 × 90 cm,565,800,1949_Ausstellung im Gewerbemuseum Basel - Photographie in der Sch.jpg,https://www.emuseum.ch/objects/56199/
hofmann,코어,코어/Gewerbemuseum_Basel,1951,Dänische Architektur - Gewerbemuseum Basel,126 × 90 cm,567,800,1951_Dänische Architektur - Gewerbemuseum Basel.jpg,https://www.emuseum.ch/objects/71530/
hofmann,코어,코어/Gewerbemuseum_Basel,1952,Die Gute Form 1952 - Gewerbemuseum Basel - 10.April - 10.Mai 1953,127 × 90 cm,568,800,1952_Die Gute Form 1952 - Gewerbemuseum Basel - 10.April - 10.Mai.jpg,https://www.emuseum.ch/objects/71507/
hofmann,코어,코어/Gewerbemuseum_Basel,1952,Ausstellung - Münster Scheiben-Entwürfe und Glasbilder von Charles Hindenlang im Gewerbemu,127 × 90 cm,567,800,1952_Ausstellung - Münster Scheiben-Entwürfe und Glasbilder von C.jpg,https://www.emuseum.ch/objects/56198/
hofmann,코어,코어/Gewerbemuseum_Basel,1952,Das Holz als Baustoff - Gewerbemuseum Basel,127 × 90 cm,563,800,1952_Das Holz als Baustoff - Gewerbemuseum Basel.jpg,https://www.emuseum.ch/objects/8482/
hofmann,코어,코어/Gewerbemuseum_Basel,1954,Ausstellung - Deutsche Gebrauchsgraphik - Gewerbemuseum Basel,127 × 90 cm,558,800,1954_Ausstellung - Deutsche Gebrauchsgraphik - Gewerbemuseum Base.jpg,https://www.emuseum.ch/objects/71523/
hofmann,코어,코어/Gewerbemuseum_Basel,1955,Gewerbemuseum Basel - Tempel und Teehaus in Japan,127 × 90 cm,567,800,1955_Gewerbemuseum Basel - Tempel und Teehaus in Japan.jpg,https://www.emuseum.ch/objects/56132/
hofmann,코어,코어/Gewerbemuseum_Basel,1959,Alte und neue Formen in Japan - Gewerbemuseum Basel,127 × 90 cm,569,800,1959_Alte und neue Formen in Japan - Gewerbemuseum Basel.jpg,https://www.emuseum.ch/objects/56257/
hofmann,코어,코어/Gewerbemuseum_Basel,1961,Basel und die Stadtstrassen der Zukunft - Gewerbemuseum Basel,127 × 90 cm,565,800,1961_Basel und die Stadtstrassen der Zukunft - Gewerbemuseum Base.jpg,https://www.emuseum.ch/objects/56203/
hofmann,코어,코어/Gewerbemuseum_Basel,1962,Kunsterziehung in USA - Gewerbemuseum Basel,127 × 90 cm,569,800,1962_Kunsterziehung in USA - Gewerbemuseum Basel.jpg,https://www.emuseum.ch/objects/56259/
hofmann,코어,코어/Gewerbemuseum_Basel,1968,GM - Gewerbemuseum Basel - Ausstellungen - Bibliothek - Sammlungen,127 × 90 cm,565,800,1968_GM - Gewerbemuseum Basel - Ausstellungen - Bibliothek - Samm.jpg,https://www.emuseum.ch/objects/71532/
hofmann,코어,코어/Gewerbemuseum_Basel,1969,Spitzen - Gewerbemuseum Basel,128 × 90.5 cm,567,800,1969_Spitzen - Gewerbemuseum Basel.jpg,https://www.emuseum.ch/objects/11397/
hofmann,코어,코어/Gewerbemuseum_Basel,1975,Gewerbemuseum Basel - Ausstellung Plan & Bau - 50 Jahre Architektur am Beispiel Hermann Ba,127 × 90 cm,565,798,1975_Gewerbemuseum Basel - Ausstellung Plan & Bau - 50 Jahre Arch.jpg,https://www.emuseum.ch/objects/56264/
hofmann,코어,코어/Gewerbemuseum_Basel,1984,Schweizer Künstlerinnen heute - Gewerbemuseum Basel - 1. April - 13. Mai 1984,127 × 90 cm,566,800,1984_Schweizer Künstlerinnen heute - Gewerbemuseum Basel - 1. Apr.jpg,https://www.emuseum.ch/objects/71533/
hofmann,코어,코어/Gewerbemuseum_etc,1951,Form & Farbe - Gewerbemuseum Winterthur - 22.6. - 15.7.,128 × 90.5 cm,563,800,1951_Form & Farbe - Gewerbemuseum Winterthur - 22.6. - 15.7.jpg,https://www.emuseum.ch/objects/71501/
hofmann,코어,코어/Gewerbemuseum_etc,1961,Plakate aus der Sammlung des Gewerbemuseums Basel,127 × 90 cm,562,800,1961_Plakate aus der Sammlung des Gewerbemuseums Basel.jpg,https://www.emuseum.ch/objects/56260/
hofmann,코어,코어/Konzert,1953,Stadt Casino - Rotkreuz Bazar - Werk der Gemeindeschwestern vom Roten Kreuz,127 × 90 cm,566,800,1953_Stadt Casino - Rotkreuz Bazar - Werk der Gemeindeschwestern .jpg,https://www.emuseum.ch/objects/71526/
hofmann,코어,코어/Konzert,1979,Martinskirche - Basler Bach Chor - W.A. Mozart - Leitung: Etienne Krähenbühl,128 × 90.5 cm,566,800,1979_Martinskirche - Basler Bach Chor - W.A. Mozart - Leitung- Et.jpg,https://www.emuseum.ch/objects/71545/
hofmann,코어,코어/Konzert,1980,Basler Bach Chor - Stabat Mater,128 × 90.5 cm,565,798,1980_Basler Bach Chor - Stabat Mater.jpg,https://www.emuseum.ch/objects/56009/
hofmann,코어,코어/Konzert,1986,J. Brahms - Ein deutsches Requiem,128 × 90.5 cm,567,800,1986_J. Brahms - Ein deutsches Requiem.jpg,https://www.emuseum.ch/objects/56263/
hofmann,코어,코어/Konzert,1986,Basler Bach-Chor - Stadtcasino Basel - Stabat Mater,128 × 90.5 cm,567,800,1986_Basler Bach-Chor - Stadtcasino Basel - Stabat Mater.jpg,https://www.emuseum.ch/objects/71541/
hofmann,코어,코어/Kunsthalle_Basel,1956,Kunsthalle Basel - Jackson Pollock 1912-1956 - Die neue amerikanische Malerei,127 × 90 cm,566,800,1956_Kunsthalle Basel - Jackson Pollock 1912-1956 - Die neue amer.jpg,https://www.emuseum.ch/objects/71508/
hofmann,코어,코어/Kunsthalle_Basel,1945,Moderne Malerei seit 1945 aus der Sammlung Dotremont - Kunsthalle Basel,127 × 90 cm,566,800,1945_Moderne Malerei seit 1945 aus der Sammlung Dotremont - Kunst.jpg,https://www.emuseum.ch/objects/56135/
hofmann,코어,코어/Kunsthalle_Basel,1950,Kreis 48 - Kunsthalle Basel,127 × 90 cm,575,800,1950_Kreis 48 - Kunsthalle Basel.jpg,https://www.emuseum.ch/objects/56133/
hofmann,코어,코어/Kunsthalle_Basel,1950,Kunsthalle Basel - Kreis 48,128 × 90 cm,565,800,1950_Kunsthalle Basel - Kreis 48.jpg,https://www.emuseum.ch/objects/240455/
hofmann,코어,코어/Kunsthalle_Basel,1955,Kunsthalle Basel - 9 Berner Künstler - Kreis 48 - (...),127 × 90 cm,563,800,1955_Kunsthalle Basel - 9 Berner Künstler - Kreis 48 - (...).jpg,https://www.emuseum.ch/objects/71510/
hofmann,코어,코어/Kunsthalle_Basel,1955,Henry Moore Bildhauer - Oskar Schlemmer Maler - Kunsthalle Basel,127 × 90 cm,568,800,1955_Henry Moore Bildhauer - Oskar Schlemmer Maler - Kunsthalle B.jpg,https://www.emuseum.ch/objects/55997/
hofmann,코어,코어/Kunsthalle_Basel,1957,Heinrich Müller - Marguerite Ammann - Walter Möschlin - Kunsthalle Basel,127 × 90 cm,565,800,1957_Heinrich Müller - Marguerite Ammann - Walter Möschlin - Kuns.jpg,https://www.emuseum.ch/objects/56134/
hofmann,코어,코어/Kunsthalle_Basel,1957,Felix Vallotton und Kunst des Ostens - Kunsthalle Basel,127 × 90 cm,571,800,1957_Felix Vallotton und Kunst des Ostens - Kunsthalle Basel.jpg,https://www.emuseum.ch/objects/56136/
hofmann,코어,코어/Kunsthalle_Basel,1957,Basler Privatbesitz - Kunsthalle Basel - 4. Juli - 29. September 1957,127 × 90 cm,566,800,1957_Basler Privatbesitz - Kunsthalle Basel - 4. Juli - 29. Septe.jpg,https://www.emuseum.ch/objects/71502/
hofmann,코어,코어/Kunsthalle_Basel,1957,Karl Flaig - Walter Eglin - Kunsthalle Basel,127 × 90 cm,561,800,1957_Karl Flaig - Walter Eglin - Kunsthalle Basel.jpg,https://www.emuseum.ch/objects/71504/
hofmann,코어,코어/Kunsthalle_Basel,1957,Karl Geiser - Kunsthalle Basel,127 × 90 cm,525,743,1957_Karl Geiser - Kunsthalle Basel.jpg,https://www.emuseum.ch/objects/56131/
hofmann,코어,코어/Kunsthalle_Basel,1957,Kunsthalle Basel - Fernand Léger - Alexander Calder,127 × 90 cm,575,798,1957_Kunsthalle Basel - Fernand Léger - Alexander Calder.jpg,https://www.emuseum.ch/objects/56012/
hofmann,코어,코어/Kunsthalle_Basel,1958,Kunsthalle Basel - Sammlung Cavellini - Moderne italienische Maler und Maler der Ecole de ,127 × 90 cm,567,800,1958_Kunsthalle Basel - Sammlung Cavellini - Moderne italienische.jpg,https://www.emuseum.ch/objects/56006/
hofmann,코어,코어/Kunsthalle_Basel,1958,Kunsthalle Basel - Jacques Lipchitz,127 × 90 cm,566,800,1958_Kunsthalle Basel - Jacques Lipchitz.jpg,https://www.emuseum.ch/objects/56258/
hofmann,코어,코어/Kunsthalle_Basel,1958,AHP - Alfred Heinrich Pellegrini - Kunsthalle Basel - 25. Oktober - 23. November 1958,127 × 90 cm,566,800,1958_AHP - Alfred Heinrich Pellegrini - Kunsthalle Basel - 25. Ok.jpg,https://www.emuseum.ch/objects/71498/
hofmann,코어,코어/Kunsthalle_Basel,1958,Robert Jacobsen - Serge Poliakoff - Kunsthalle Basel,127 × 90 cm,567,800,1958_Robert Jacobsen - Serge Poliakoff - Kunsthalle Basel.jpg,https://www.emuseum.ch/objects/55998/
hofmann,코어,코어/Kunsthalle_Basel,1959,Kunsthalle Basel - 11.6. bis 12.7. - Deutsche Künstler der Gegenwart,127 × 90 cm,561,800,1959_Kunsthalle Basel - 11.6. bis 12.7. - Deutsche Künstler der G.jpg,https://www.emuseum.ch/objects/71503/
hofmann,코어,코어/Kunsthalle_Basel,1959,Kunsthalle Basel - Niklaus Stoecklin - Karl Aegerter,127 × 90 cm,561,800,1959_Kunsthalle Basel - Niklaus Stoecklin - Karl Aegerter.jpg,https://www.emuseum.ch/objects/71500/
hofmann,코어,코어/Kunsthalle_Basel,1959,Kunsthalle Basel - Appel - Mathieu - Moreni - Riopelle - 24.Januar - 1.März 1959,127 × 90 cm,564,800,1959_Kunsthalle Basel - Appel - Mathieu - Moreni - Riopelle - 24..jpg,https://www.emuseum.ch/objects/71499/
hofmann,코어,코어/Kunsthalle_Basel,1959,Kunsthalle Basel - Junge spanische Maler,127 × 90 cm,567,800,1959_Kunsthalle Basel - Junge spanische Maler.jpg,https://www.emuseum.ch/objects/56005/
hofmann,코어,코어/Kunsthalle_Basel,1959,Max Gubler - Irène Zurkinden - Kunsthalle Basel - 24.Okrt. - 22.Nov.,127 × 90 cm,563,800,1959_Max Gubler - Irène Zurkinden - Kunsthalle Basel - 24.Okrt. -.jpg,https://www.emuseum.ch/objects/71505/
hofmann,코어,코어/Kunsthalle_Basel,1959,Kunsthalle Basel - Hans Fischer - Ernst Georg Rüegg,127 × 90 cm,563,800,1959_Kunsthalle Basel - Hans Fischer - Ernst Georg Rüegg.jpg,https://www.emuseum.ch/objects/56003/
hofmann,코어,코어/Kunsthalle_Basel,1959,Aeschbacher - Bill - Müller - Linck - 4 Bildhauer - Kunsthalle Basel,127 × 90 cm,563,800,1959_Aeschbacher - Bill - Müller - Linck - 4 Bildhauer - Kunsthal.jpg,https://www.emuseum.ch/objects/56129/
hofmann,코어,코어/Kunsthalle_Basel,1960,Kunsthalle Basel - 23. Januar - 21. Februar 1960 - Theo Eble - Berhard Luginbühl - Arnold ,127 × 90 cm,567,800,1960_Kunsthalle Basel - 23. Januar - 21. Februar 1960 - Theo Eble.jpg,https://www.emuseum.ch/objects/71506/
hofmann,코어,코어/Kunsthalle_Basel,1960,Kunsthalle Basel - Willi Baumeister - Ernst Wlhelm Nay,127 × 90 cm,567,800,1960_Kunsthalle Basel - Willi Baumeister - Ernst Wlhelm Nay.jpg,https://www.emuseum.ch/objects/56011/
hofmann,코어,코어/Kunsthalle_Basel,1960,Junge holländische Bildhauer - Kunsthalle Basel,127 × 90 cm,567,795,1960_Junge holländische Bildhauer - Kunsthalle Basel.jpg,https://www.emuseum.ch/objects/56007/
hofmann,코어,코어/Kunsthalle_Basel,1961,Kunsthalle Basel - Maurice Estève Malerei - Berto Lardera - Skulptur,127 × 90 cm,566,800,1961_Kunsthalle Basel - Maurice Estève Malerei - Berto Lardera - .jpg,https://www.emuseum.ch/objects/56008/
hofmann,코어,코어/Kunsthalle_Basel,1961,René Auberjonois - Ernest Bolens - Kunsthalle Basel,127 × 90 cm,568,800,1961_René Auberjonois - Ernest Bolens - Kunsthalle Basel.jpg,https://www.emuseum.ch/objects/56002/
hofmann,코어,코어/Kunsthalle_Basel,1961,Gedächtnis Ausstellungen Paul Burckhardt - Emil Schill - Ausstellung Carlo König - Kunstha,127 × 90 cm,566,800,1961_Gedächtnis Ausstellungen Paul Burckhardt - Emil Schill - Aus.jpg,https://www.emuseum.ch/objects/56004/
hofmann,코어,코어/Kunsthalle_Basel,1961,René Auberjonois - Ernest Bolens - Kunsthalle Basel,127 × 90 cm,565,800,1961_René Auberjonois - Ernest Bolens - Kunsthalle Basel_2.jpg,https://www.emuseum.ch/objects/11008/
hofmann,코어,코어/Kunsthalle_Basel,1962,28. Juli - 16. Sept. - Die Kunst Neu-Guineas - Kunsthalle Basel,127 × 90 cm,566,800,1962_28. Juli - 16. Sept. - Die Kunst Neu-Guineas - Kunsthalle Ba.jpg,https://www.emuseum.ch/objects/71514/
hofmann,코어,코어/Kunsthalle_Basel,1962,Ernst Morgenthaler Gedächtnisausstellung - Kunsthalle Basel,127 × 90 cm,567,800,1962_Ernst Morgenthaler Gedächtnisausstellung - Kunsthalle Basel.jpg,https://www.emuseum.ch/objects/56014/
hofmann,코어,코어/Kunsthalle_Basel,1962,Kunsthalle Basel - Rothko - Chillida,127 × 90 cm,564,800,1962_Kunsthalle Basel - Rothko - Chillida.jpg,https://www.emuseum.ch/objects/56001/
hofmann,코어,코어/Kunsthalle_Basel,1962,Kunsthalle Basel - Hans Arp,128 × 90.5 cm,566,800,1962_Kunsthalle Basel - Hans Arp.jpg,https://www.emuseum.ch/objects/71522/
hofmann,코어,코어/Kunsthalle_Basel,1963,R. Adams - 7 junge englische Maler - Kunsthalle Basel,127 × 90 cm,566,800,1963_R. Adams - 7 junge englische Maler - Kunsthalle Basel.jpg,https://www.emuseum.ch/objects/56128/
hofmann,코어,코어/Kunsthalle_Basel,1963,"Kreis 48 - Ernst Messerli - Werner Witschi - (...) Kunsthalle, Basel",128 × 90.5 cm,566,800,1963_Kreis 48 - Ernst Messerli - Werner Witschi - (...) Kunsthall.jpg,https://www.emuseum.ch/objects/3804/
hofmann,코어,코어/Kunsthalle_Basel,1964,Franz Kline - Alfred Jensen - Kunsthalle Basel,127 × 90 cm,565,800,1964_Franz Kline - Alfred Jensen - Kunsthalle Basel.jpg,https://www.emuseum.ch/objects/56127/
hofmann,코어,코어/Kunsthalle_Basel,1964,Walter Bodmer - Otto Tschumi - Teruko Yokoi - Kunsthalle Basel,128 × 90.5 cm,568,800,1964_Walter Bodmer - Otto Tschumi - Teruko Yokoi - Kunsthalle Bas.jpg,https://www.emuseum.ch/objects/11398/
hofmann,코어,코어/Kunsthalle_Basel,1964,Christoph Iselin - Jacques Düblin - Walter Schneider - Karl Moor - Kunsthalle Basel,127 × 90 cm,554,780,1964_Christoph Iselin - Jacques Düblin - Walter Schneider - Karl .jpg,https://www.emuseum.ch/objects/56130/
hofmann,코어,코어/Kunsthalle_Basel,1966,Kunsthalle Basel - Junge Berliner Künstler,127 × 90 cm,565,800,1966_Kunsthalle Basel - Junge Berliner Künstler.jpg,https://www.emuseum.ch/objects/56013/
hofmann,코어,코어/Kunsthalle_Basel,1966,Kunsthalle Basel - David Smith Skulpturen - Horst Janssen Zeichnungen Graphik,127 × 90 cm,563,800,1966_Kunsthalle Basel - David Smith Skulpturen - Horst Janssen Ze.jpg,https://www.emuseum.ch/objects/56010/
hofmann,코어,코어/Kunsthalle_Basel,1966,Kunsthalle Basel - Graham Sutherland - El Lissitzky,127 × 90 cm,566,800,1966_Kunsthalle Basel - Graham Sutherland - El Lissitzky.jpg,https://www.emuseum.ch/objects/56000/
hofmann,코어,코어/Kunsthalle_Basel,1966,Wilfredo Lam Malerei - Vic Gentils Bildhauerei - Kunsthalle Basel,127 × 90 cm,562,800,1966_Wilfredo Lam Malerei - Vic Gentils Bildhauerei - Kunsthalle .jpg,https://www.emuseum.ch/objects/56015/
hofmann,코어,코어/Kunsthalle_Basel,1966,Lüscher Pedretti - Kunsthalle Basel - Gedenkausstelllung Jean-Jacques Lüscher - Turo Pedre,127 × 90 cm,563,800,1966_Lüscher Pedretti - Kunsthalle Basel - Gedenkausstelllung Jea.jpg,https://www.emuseum.ch/objects/71524/
hofmann,코어,코어/Kunsthalle_Basel,1967,E.L. Kirchner und Rot-Blau - Kunsthalle Basel - 2. Sept. - 15. Okt. 1967,127 × 90 cm,563,800,1967_E.L. Kirchner und Rot-Blau - Kunsthalle Basel - 2. Sept. - 1.jpg,https://www.emuseum.ch/objects/71511/
hofmann,코어,코어/Kunsthalle_Basel,1967,Phillip Martin - Ennio Morlotti - Hans R. Schiess - Kunsthalle Basel,127 × 90 cm,558,800,1967_Phillip Martin - Ennio Morlotti - Hans R. Schiess - Kunsthal.jpg,https://www.emuseum.ch/objects/56016/
hofmann,코어,코어/Kunsthalle_Basel,1968,Kunsthalle Basel - Klee,127 × 90 cm,567,800,1968_Kunsthalle Basel - Klee.jpg,https://www.emuseum.ch/objects/71517/
hofmann,코어,코어/Kunsthalle_Basel,1968,Kunsthalle Basel - Albers & Slevogt,127 × 90 cm,563,800,1968_Kunsthalle Basel - Albers & Slevogt.jpg,https://www.emuseum.ch/objects/71512/
hofmann,코어,코어/Kunsthalle_Basel,1968,Sam Francis - Kunsthalle Basel,127 × 90 cm,566,800,1968_Sam Francis - Kunsthalle Basel.jpg,https://www.emuseum.ch/objects/71520/
hofmann,코어,코어/Kunsthalle_Basel,1969,Walter J. Moeschlin - Gedächtnisausstellung - Kunsthalle Basel,128 × 90.5 cm,567,800,1969_Walter J. Moeschlin - Gedächtnisausstellung - Kunsthalle Bas.jpg,https://www.emuseum.ch/objects/11399/
hofmann,코어,코어/Kunsthalle_Basel,2000,Nigeria - 2000 Jahre Plastik & Sammlung Sonja Henle - Niels Onstad - Kunsthalle Basel 20. ,127 × 90 cm,563,800,2000_Nigeria - 2000 Jahre Plastik & Sammlung Sonja Henle - Niels .jpg,https://www.emuseum.ch/objects/71516/
hofmann,코어,코어/Kunstkredit,1984,"Kunstkredit 1984/1985 - Wettbewerbe, Aufträge, Ankäufe, Künstlerstipendien und Künstlerate",128 × 90.5 cm,566,800,"1984_Kunstkredit 1984-1985 - Wettbewerbe, Aufträge, Ankäufe, Küns.jpg",https://www.emuseum.ch/objects/180461/
hofmann,코어,코어/Kunstkredit,1985,Ausstellung - Eidgenössisches Stipendium für angewandte Kunst 1985 - Kornhaus Bern,128 × 90.5 cm,564,800,1985_Ausstellung - Eidgenössisches Stipendium für angewandte Kuns.jpg,https://www.emuseum.ch/objects/71497/
hofmann,코어,코어/Kunstkredit,1985,Staatlicher Kunstkredit Basel-Stadt,128 × 90.5 cm,565,798,1985_Staatlicher Kunstkredit Basel-Stadt.jpg,https://www.emuseum.ch/objects/56271/
hofmann,코어,코어/Kunstkredit,1986,Ausstellung - Eidgenössisches Stipendium für angewandte Kunst 1986 - Kornhaus Bern,128 × 90.5 cm,567,800,1986_Ausstellung - Eidgenössisches Stipendium für angewandte Kuns.jpg,https://www.emuseum.ch/objects/240225/
hofmann,코어,코어/Mustermesse_Basel,1954,Die gute Form - SWB-Sonderschau - Veranstaltet vom Schweizerischen Werkbund und der Schwei,128 × 90.5 cm,566,800,1954_Die gute Form - SWB-Sonderschau - Veranstaltet vom Schweizer.jpg,https://www.emuseum.ch/objects/53716/
hofmann,코어,코어/Mustermesse_Basel,1957,Die Schweiz zur Römerzeit - Mustermesse Baslerhalle,127 × 90 cm,567,800,1957_Die Schweiz zur Römerzeit - Mustermesse Baslerhalle.jpg,https://www.emuseum.ch/objects/56137/
hofmann,코어,코어/Sonstige,1957,La Suisse à l'époque romaine,127 × 90 cm,567,800,1957_La Suisse à l'époque romaine.jpg,https://www.emuseum.ch/objects/56141/
hofmann,코어,코어/Sonstige,1962,Herman Miller Collection - Möbel unserer Zeit - Verkauf ab 9. März,127 × 90 cm,560,794,1962_Herman Miller Collection - Möbel unserer Zeit - Verkauf ab 9.jpg,https://www.emuseum.ch/objects/56256/
hofmann,코어,코어/Sonstige,1968,GM,127 × 90 cm,564,800,1968_GM.jpg,https://www.emuseum.ch/objects/238089/
hofmann,코어,코어/Sonstige,1970,Brot für Brüder - Voraussetzungen schaffen für den Aufbau in der Dritten Welt,127 × 90 cm,564,800,1970_Brot für Brüder - Voraussetzungen schaffen für den Aufbau in.jpg,https://www.emuseum.ch/objects/56270/
hofmann,코어,코어/Sonstige,1983,30 Jahre Plakatkunst - Einfluss und Ausstrahlung der Fachklasse für Grafik AGS Basel - 11.,127 × 90 cm,566,800,1983_30 Jahre Plakatkunst - Einfluss und Ausstrahlung der Fachkla.jpg,https://www.emuseum.ch/objects/71534/
hofmann,코어,코어/Stadttheater_Basel,1949,Goethe - Iphigenie auf Tauris - Stadt Theater Basel,128 × 90.5 cm,571,800,1949_Goethe - Iphigenie auf Tauris - Stadt Theater Basel.jpg,https://www.emuseum.ch/objects/71537/
hofmann,코어,코어/Stadttheater_Basel,1954,Stadt Theater Basel - Die Abonnentenzahl steigt - Spielzeitbeginn 17. Sept. - (...),127 × 90 cm,564,800,1954_Stadt Theater Basel - Die Abonnentenzahl steigt - Spielzeitb.jpg,https://www.emuseum.ch/objects/71529/
hofmann,코어,코어/Stadttheater_Basel,1955,Ohr + Auge - Wir eröffnen am 16. September - Stadt Theater Basel,127 × 90 cm,568,800,1955_Ohr + Auge - Wir eröffnen am 16. September - Stadt Theater B.jpg,https://www.emuseum.ch/objects/56201/
hofmann,코어,코어/Stadttheater_Basel,1958,125 Jahre Stadt Theater Basel,127.5 × 90 cm,565,800,1958_125 Jahre Stadt Theater Basel.jpg,https://www.emuseum.ch/objects/45591/
hofmann,코어,코어/Stadttheater_Basel,1958,Stadt Theater Basel - Saison-Beginn 19. September 1958 - Sind Sie auch Abonnent ?,127 × 90 cm,562,800,1958_Stadt Theater Basel - Saison-Beginn 19. September 1958 - Sin.jpg,https://www.emuseum.ch/objects/71528/
hofmann,코어,코어/Stadttheater_Basel,1959,Stadttheater Basel - Halbe Saison - Halbes Abonnement - Halber Preis,127 × 90 cm,566,800,1959_Stadttheater Basel - Halbe Saison - Halbes Abonnement - Halb.jpg,https://www.emuseum.ch/objects/71525/
hofmann,코어,코어/Stadttheater_Basel,1960,Stadttheater Basel - Während der Saison 1960/61 finden Sie an dieser Stelle den Spielplan,127 × 90.5 cm,566,800,1960_Stadttheater Basel - Während der Saison 1960-61 finden Sie a.jpg,https://www.emuseum.ch/objects/53715/
hofmann,코어,코어/Stadttheater_Basel,1961,Stadttheater Basel - Beginn der Spielzeit 1961/62,128 × 90.5 cm,560,800,1961_Stadttheater Basel - Beginn der Spielzeit 1961-62.jpg,https://www.emuseum.ch/objects/9347/
hofmann,코어,코어/Stadttheater_Basel,1962,Stadttheater Basel,128 × 90 cm,567,800,1962_Stadttheater Basel.jpg,https://www.emuseum.ch/objects/22535/
hofmann,코어,코어/Stadttheater_Basel,1963,Stadttheater Basel - 63/64,128 × 90.5 cm,564,800,1963_Stadttheater Basel - 63-64.jpg,https://www.emuseum.ch/objects/9346/
hofmann,코어,코어/Stadttheater_Basel,1964,Stadttheater Basel,127 × 90 cm,565,800,1964_Stadttheater Basel.jpg,https://www.emuseum.ch/objects/56267/
hofmann,코어,코어/Stadttheater_Basel,1965,Stadttheater Basel - 1965 66,127 × 90 cm,565,800,1965_Stadttheater Basel - 1965 66.jpg,https://www.emuseum.ch/objects/56268/
hofmann,코어,코어/Stadttheater_Basel,1966,1966/67 - Stadttheater Basel,127 × 90 cm,548,768,1966_1966-67 - Stadttheater Basel.jpg,https://www.emuseum.ch/objects/56265/
hofmann,코어,코어/Stadttheater_Basel,1967,Stadttheater Basel,127 × 90 cm,566,800,1967_Stadttheater Basel.jpg,https://www.emuseum.ch/objects/56266/
hofmann,코어,코어/Theater_Tanz,1968,Basler Theater - 1968/9,128 × 90.5 cm,567,800,1968_Basler Theater - 1968-9.jpg,https://www.emuseum.ch/objects/55999/
hofmann,코어,코어/Tonhalle_Zuerich,1989,Basler Gesangverein - Zürcher Bach Chor - Basler Sinfonieorchester - Anton Bruckner - Fran,128 × 90.5 cm,567,800,1989_Basler Gesangverein - Zürcher Bach Chor - Basler Sinfonieorc.jpg,https://www.emuseum.ch/objects/71544/
rose,F4,F4/Ausstellung,1954,Helmhaus Zürich - Allianz,100 × 70 cm,562,800,1954_Helmhaus Zürich - Allianz.jpg,https://www.emuseum.ch/objects/73653/
rose,제외_비율불일치,제외_비율불일치,1943,Arbeit und Brot - Besucht die Sonderschau der Eidg. Zentralstelle für Kriegswirtschaft - M,127 × 90 cm (× 2),800,567,1943_Arbeit und Brot - Besucht die Sonderschau der Eidg. Zentrals.jpg,https://www.emuseum.ch/objects/73684/
rose,제외_타인명의,제외_타인명의,1935,Kunsthaus Zürich - Graphisches Kabinett - Richard Paul Lohse - Zeichnungen 1935-1985,50 × 70 cm,800,571,1935_Kunsthaus Zürich - Graphisches Kabinett - Richard Paul Lohse.jpg,https://www.emuseum.ch/objects/73686/
rose,제외_타인명의,제외_타인명의,1968,Galerie Denise René - Hans Mayer - 12 leading modern artists - Agam - Albers - Bill (...),84 × 59 cm,566,800,1968_Galerie Denise René - Hans Mayer - 12 leading modern artists.jpg,https://www.emuseum.ch/objects/73690/
rose,제외_타인명의,제외_타인명의,1971,Richard Paul Lohse - Galleria La Polena - Genova,70 × 50 cm,575,800,1971_Richard Paul Lohse - Galleria La Polena - Genova.jpg,https://www.emuseum.ch/objects/73683/
rose,제외_타인명의,제외_타인명의,1976,4 Zürcher Konkrete - Max Bill - Verena Loewensberg - Camille Graeser - Richard P. Lohse - ,80 × 59.5 cm,611,800,1976_4 Zürcher Konkrete - Max Bill - Verena Loewensberg - Camille.jpg,https://www.emuseum.ch/objects/73671/
rose,제외_타인명의,제외_타인명의,1976,Richard Paul Lohse - Modulare und Serielle Ordnungen - Neue Galerie am Landesmuseum Joanne,59 × 42 cm,567,800,1976_Richard Paul Lohse - Modulare und Serielle Ordnungen - Neue .jpg,https://www.emuseum.ch/objects/73674/
rose,제외_타인명의,제외_타인명의,1976,Bild & Buch - Richard P. Lohse - Bild & Buch Zürich,90 × 63 cm,572,800,1976_Bild & Buch - Richard P. Lohse - Bild & Buch Zürich.jpg,https://www.emuseum.ch/objects/73695/
rose,제외_타인명의,제외_타인명의,1994,Richard Paul Lohse - Trudelhaus Baden - 15.1.-20.2.1994,70.5 × 50 cm,570,800,1994_Richard Paul Lohse - Trudelhaus Baden - 15.1.-20.2.1994.jpg,https://www.emuseum.ch/objects/5649/
rose,제외_타인명의,제외_타인명의,1999,Richard Paul Lohse - Konstruktive Gebrauchsgrafik - Museum für Gestaltung Zürich,128 × 89.5 cm,559,800,1999_Richard Paul Lohse - Konstruktive Gebrauchsgrafik - Museum f.jpg,https://www.emuseum.ch/objects/12915/
rose,제외_타인명의,제외_타인명의,1999,Richard Paul Lohse - Konstruktive Gebrauchsgrafik - Museum für Gestaltung Zürich,128 × 89.5 cm,559,800,1999_Richard Paul Lohse - Konstruktive Gebrauchsgrafik - Museum f_2.jpg,https://www.emuseum.ch/objects/12916/
rose,제외_타인명의,제외_타인명의,1999,Richard Paul Lohse - Konstruktive Gebrauchsgrafik - Museum für Gestaltung Zürich,128 × 89.5 cm,559,800,1999_Richard Paul Lohse - Konstruktive Gebrauchsgrafik - Museum f_3.jpg,https://www.emuseum.ch/objects/12917/
rose,제외_타인명의,제외_타인명의,2006,Moser + Schwinger - Farewell letter to the swiss workers - 10. März - 30. April '06 - Kuns,128 × 89.5 cm,558,800,2006_Moser + Schwinger - Farewell letter to the swiss workers - 1.jpg,https://www.emuseum.ch/objects/54030/
rose,제외_판형,제외_판형,1943,Unsere Wohnung - Wanderausstellung des SWB im Kunstgewerbemuseum Zürich,65 × 90 cm,800,575,1943_Unsere Wohnung - Wanderausstellung des SWB im Kunstgewerbemu.jpg,https://www.emuseum.ch/objects/73697/
rose,제외_판형,제외_판형,1946,Kunstverein Ulm im Museum der Stadt Ulm - Lohse - Werke aus den Jahren 1946-1959,82 × 59 cm,566,800,1946_Kunstverein Ulm im Museum der Stadt Ulm - Lohse - Werke aus .jpg,https://www.emuseum.ch/objects/73664/
rose,제외_판형,제외_판형,1954,Richard Paul Lohse - Neun Kwadrate 1954-1978 - Van Abbemuseum Eindhoven,54.5 × 41cm,603,800,1954_Richard Paul Lohse - Neun Kwadrate 1954-1978 - Van Abbemuseu.jpg,https://www.emuseum.ch/objects/73675/
rose,제외_판형,제외_판형,1967,Richard Paul Lohse - Galerie Renée Ziegler Zürich,64 × 45 cm,561,800,1967_Richard Paul Lohse - Galerie Renée Ziegler Zürich.jpg,https://www.emuseum.ch/objects/73673/
rose,제외_판형,제외_판형,1967,Richard Paul Lohse - Galerie Denise René,70 × 45 cm,512,800,1967_Richard Paul Lohse - Galerie Denise René.jpg,https://www.emuseum.ch/objects/73694/
rose,제외_판형,제외_판형,1969,Lohse - Galerie Daedalus Berlin,59 × 43.5 cm,600,800,1969_Lohse - Galerie Daedalus Berlin.jpg,https://www.emuseum.ch/objects/73670/
rose,제외_판형,제외_판형,1970,Lohse - Kunstverein München,84 × 59 cm,562,800,1970_Lohse - Kunstverein München.jpg,https://www.emuseum.ch/objects/73687/
rose,제외_판형,제외_판형,1971,Lohse - Kunstverein Hannover,84 × 59 cm,566,800,1971_Lohse - Kunstverein Hannover.jpg,https://www.emuseum.ch/objects/73689/
rose,제외_판형,제외_판형,1971,Lohse - Haags Gemeentemuseum - 19 juni tot 15 augustus 1971,88 × 62 cm,561,800,1971_Lohse - Haags Gemeentemuseum - 19 juni tot 15 augustus 1971.jpg,https://www.emuseum.ch/objects/7131/
rose,제외_판형,제외_판형,1972,Lohse - Vismara Arte Contemporanea Milano,70 × 50 cm,573,800,1972_Lohse - Vismara Arte Contemporanea Milano.jpg,https://www.emuseum.ch/objects/73682/
rose,제외_판형,제외_판형,1975,Richard Paul Lohse - Sérigraphies multiples - Galerie Média Neuchâtel,102 × 70 cm,545,800,1975_Richard Paul Lohse - Sérigraphies multiples - Galerie Média .jpg,https://www.emuseum.ch/objects/73665/
rose,제외_판형,제외_판형,1976,Richard Paul Lohse - Modulare und Serielle Ordnungen - Moderne Galerie Bottrop,88 × 62cm,562,800,1976_Richard Paul Lohse - Modulare und Serielle Ordnungen - Moder.jpg,https://www.emuseum.ch/objects/73672/
rose,제외_판형,제외_판형,1982,"Richard Paul Lohse - Galerie Renée Ziegler, Zürich",70 × 50 cm,569,800,"1982_Richard Paul Lohse - Galerie Renée Ziegler, Zürich.jpg",https://www.emuseum.ch/objects/73696/
rose,제외_판형,제외_판형,1986,Richard Paul Lohse - Modulare und Serielle Ordnungen - Wiener Secession,84 × 59 cm,566,800,1986_Richard Paul Lohse - Modulare und Serielle Ordnungen - Wiene.jpg,https://www.emuseum.ch/objects/73685/
rose,코어,코어/Ausstellung,1950,Zürcher Künstler im Helmhaus,127 × 90 cm,572,800,1950_Zürcher Künstler im Helmhaus.jpg,https://www.emuseum.ch/objects/73652/
rose,코어,코어/Ausstellung,1958,Kunstmuseum Winterthur - Ungegenständliche Malerei in der Schweiz,127 × 90 cm,568,800,1958_Kunstmuseum Winterthur - Ungegenständliche Malerei in der Sc.jpg,https://www.emuseum.ch/objects/73656/
rose,코어,코어/Ausstellung,1962,Ausstellung Musikinstrumente - Kunstgewerbemusem Zürich,127 × 90 cm,570,800,1962_Ausstellung Musikinstrumente - Kunstgewerbemusem Zürich.jpg,https://www.emuseum.ch/objects/34827/
rose,코어,코어/Ausstellung,1962,Richard P. Lohse - Max Truninger - Kunsthaus Zürich,127 × 90 cm,565,800,1962_Richard P. Lohse - Max Truninger - Kunsthaus Zürich.jpg,https://www.emuseum.ch/objects/73654/
rose,코어,코어/Ausstellung,1964,Zürcher Künstler im Helmhaus,127 × 90 cm,563,800,1964_Zürcher Künstler im Helmhaus.jpg,https://www.emuseum.ch/objects/73651/
rose,코어,코어/Ausstellung,1970,Lohse - Kunsthalle Bern,127 × 90 cm,565,800,1970_Lohse - Kunsthalle Bern.jpg,https://www.emuseum.ch/objects/73660/
rose,코어,코어/Ausstellung,1976,Richard Paul Lohse - Modulare und serielle Ordnungen - Kunsthaus Zürich,127 × 90 cm,565,800,1976_Richard Paul Lohse - Modulare und serielle Ordnungen - Kunst.jpg,https://www.emuseum.ch/objects/73669/
rose,코어,코어/Ausstellung,1977,Museum zu Allerheiligen Schaffhausen - Zwischen Improvisation und Fuge,127 × 90 cm,566,800,1977_Museum zu Allerheiligen Schaffhausen - Zwischen Improvisatio.jpg,https://www.emuseum.ch/objects/73677/
rose,코어,코어/Ausstellung,1985,Richard Paul Lohse - Kunstmuseum Luzern,128 × 90.5 cm,567,800,1985_Richard Paul Lohse - Kunstmuseum Luzern.jpg,https://www.emuseum.ch/objects/73663/
rose,코어,코어/Gewerbemuseum_etc,1950,100 Jahre Eisenbeton - Kunstgewerbemuseum Zürich,127 × 90 cm,570,800,1950_100 Jahre Eisenbeton - Kunstgewerbemuseum Zürich.jpg,https://www.emuseum.ch/objects/73699/
rose,코어,코어/Gewerbemuseum_etc,1952,Kartographie in der Schweiz - 100 Jahre Kümmerly + Frey - Ausstellung - Kunstgewerbemuseum,127 × 90 cm,566,800,1952_Kartographie in der Schweiz - 100 Jahre Kümmerly + Frey - Au.jpg,https://www.emuseum.ch/objects/73698/
rose,코어,코어/Gewerbemuseum_etc,1958,Kunststoffe - Gewerbemuseum Winterthur,124 × 87 cm,563,800,1958_Kunststoffe - Gewerbemuseum Winterthur.jpg,https://www.emuseum.ch/objects/73655/
rose,코어,코어/Juni_Festwochen,1958,Fünftes Junifestkonzert der Tonhalle-Gesellschaft Zürich,128 × 90.5 cm,565,800,1958_Fünftes Junifestkonzert der Tonhalle-Gesellschaft Zürich.jpg,https://www.emuseum.ch/objects/73657/
rose,코어,코어/Juni_Festwochen,1958,Stadttheater Zürich - Junifestwochen Zürich 1958,128 × 90.5 cm,564,800,1958_Stadttheater Zürich - Junifestwochen Zürich 1958.jpg,https://www.emuseum.ch/objects/75326/
rose,코어,코어/Juni_Festwochen,1958,Juni-Festwochen - June Festival - Festival de Juin - Zürich - Schauspielhaus Zürich - Stad,128 × 90.5 cm,564,800,1958_Juni-Festwochen - June Festival - Festival de Juin - Zürich .jpg,https://www.emuseum.ch/objects/75327/
rose,코어,코어/Sonstige,1961,[ohne Text],128 × 90 cm (Unterlage); 74.5 × 74.5 cm (Blattgrösse),566,800,1961_[ohne Text].jpg,https://www.emuseum.ch/objects/14627/
rose,코어,코어/Sonstige,1962,Montag 14-18 h (...),128 × 90.5 cm,564,800,1962_Montag 14-18 h (...).jpg,https://www.emuseum.ch/objects/34828/
ruder,제외_비율불일치,제외_비율불일치,1955,Internationale Ausstellung - Glas - Gewerbemuseum Winterthur,90 × 63 cm,800,562,1955_Internationale Ausstellung - Glas - Gewerbemuseum Winterthur.jpg,https://www.emuseum.ch/objects/71881/
ruder,제외_비율불일치,제외_비율불일치,1959,Das Kinderbilderbuch - Ausstellung Gewerbemuseum Basel,90 × 60 cm,800,524,1959_Das Kinderbilderbuch - Ausstellung Gewerbemuseum Basel.jpg,https://www.emuseum.ch/objects/75617/
ruder,제외_타인명의,제외_타인명의,1999,"Fortunate the Man Who, at the Right Moment, Meets the Right Friend; Fortunate Also the Man",73 × 103 cm,565,800,"1999_Fortunate the Man Who, at the Right Moment, Meets the Right .jpg",https://www.emuseum.ch/objects/254093/
ruder,제외_판형,제외_판형,1953,"Die gute Form - An der Mustermesse 1953 ausgezeichnete Gegenstände, ergänzt mit weiteren g",64.5 × 46 cm,579,800,1953_Die gute Form - An der Mustermesse 1953 ausgezeichnete Gegen.jpg,https://www.emuseum.ch/objects/71876/
ruder,제외_판형,제외_판형,1953,"Die gute Form - An der Mustermesse 1953 ausgezeichnete Gegenstände, ergänzt mit weiteren g",65 × 46 cm,565,800,1953_Die gute Form - An der Mustermesse 1953 ausgezeichnete Gegen_2.jpg,https://www.emuseum.ch/objects/92388/
ruder,제외_판형,제외_판형,1954,Gewerbemuseum Basel - Neue Bauten von Basler Architekten,134.5 × 91 cm,546,800,1954_Gewerbemuseum Basel - Neue Bauten von Basler Architekten.jpg,https://www.emuseum.ch/objects/71864/
ruder,제외_판형,제외_판형,1958,Die gute Form - Gewerbemuseum Winterthur am Kirchplatz,65 × 46 cm,566,800,1958_Die gute Form - Gewerbemuseum Winterthur am Kirchplatz.jpg,https://www.emuseum.ch/objects/75614/
ruder,제외_판형,제외_판형,1961,Farbige Graphik in Grenchen - 2. Internationales Treffen für farbige Original-Graphik - Pa,59 × 42 cm,561,800,1961_Farbige Graphik in Grenchen - 2. Internationales Treffen für.jpg,https://www.emuseum.ch/objects/75893/
ruder,코어,코어/Ausstellung,1959,Aegyptische Kinder weben Bildteppiche - Helmhaus Zürich,127 × 90 cm,566,800,1959_Aegyptische Kinder weben Bildteppiche - Helmhaus Zürich.jpg,https://www.emuseum.ch/objects/71868/
ruder,코어,코어/Gewerbemuseum_Basel,1954,Ausstellung Gewerbemuseum Basel - Lucien Clergue - Photos 1954 bis 1964,127 × 90 cm,565,800,1954_Ausstellung Gewerbemuseum Basel - Lucien Clergue - Photos 19.jpg,https://www.emuseum.ch/objects/71866/
ruder,코어,코어/Gewerbemuseum_Basel,1955,Glaskunst aus Murano - Gewerbemuseum Basel,129 × 90 cm,562,800,1955_Glaskunst aus Murano - Gewerbemuseum Basel.jpg,https://www.emuseum.ch/objects/71882/
ruder,코어,코어/Gewerbemuseum_Basel,1956,Verborgene Schätze des Gewerbemuseums - Gewerbemuseum Basel,127 × 90 cm,563,800,1956_Verborgene Schätze des Gewerbemuseums - Gewerbemuseum Basel.jpg,https://www.emuseum.ch/objects/71863/
ruder,코어,코어/Gewerbemuseum_Basel,1957,"Sammlung Richard Doetsch-Benziger - Bücher, Ostasiatische Kleinkunst - Gewerbemuseum Basel",127 × 90 cm,561,800,"1957_Sammlung Richard Doetsch-Benziger - Bücher, Ostasiatische Kl.jpg",https://www.emuseum.ch/objects/71878/
ruder,코어,코어/Gewerbemuseum_Basel,1958,Werkstoff Holz - Ausstellung im Gewerbemuseum Basel,127 × 90 cm,567,800,1958_Werkstoff Holz - Ausstellung im Gewerbemuseum Basel.jpg,https://www.emuseum.ch/objects/71883/
ruder,코어,코어/Gewerbemuseum_Basel,1958,Die Zeitung - Gewerbemuseum Basel,128 × 90 cm,570,800,1958_Die Zeitung - Gewerbemuseum Basel.jpg,https://www.emuseum.ch/objects/53719/
ruder,코어,코어/Gewerbemuseum_Basel,1959,Ausstellung Gewerbemuseum Basel - Das Kinderbilderbuch,127 × 90 cm,567,800,1959_Ausstellung Gewerbemuseum Basel - Das Kinderbilderbuch.jpg,https://www.emuseum.ch/objects/71869/
ruder,코어,코어/Gewerbemuseum_Basel,1960,Johannes Froben und der Basler Buchdruck des 16. Jahrhunderts - Gewerbemuseum Basel,127 × 90 cm,567,800,1960_Johannes Froben und der Basler Buchdruck des 16. Jahrhundert.jpg,https://www.emuseum.ch/objects/71880/
ruder,코어,코어/Gewerbemuseum_Basel,1960,ungegenständliche Photographie - Gewerbemuseum Basel,128 × 90.5 cm,560,800,1960_ungegenständliche Photographie - Gewerbemuseum Basel.jpg,https://www.emuseum.ch/objects/9354/
ruder,코어,코어/Gewerbemuseum_Basel,1962,Dänisches Silber und Handwerk - Gewerbemuseum Basel,129 × 90 cm,560,800,1962_Dänisches Silber und Handwerk - Gewerbemuseum Basel.jpg,https://www.emuseum.ch/objects/71884/
ruder,코어,코어/Gewerbemuseum_Basel,1962,Neue Wirtshausschilder - Gewerbemuseum Basel,127 × 90 cm,563,800,1962_Neue Wirtshausschilder - Gewerbemuseum Basel.jpg,https://www.emuseum.ch/objects/71872/
ruder,코어,코어/Gewerbemuseum_Basel,1963,Berlin - die grösste Stadt Deutschlands - Ausstellung Gewerbemuseum Basel,127 × 90 cm,569,800,1963_Berlin - die grösste Stadt Deutschlands - Ausstellung Gewerb.jpg,https://www.emuseum.ch/objects/71867/
ruder,코어,코어/Gewerbemuseum_Basel,1967,Gewerbemuseum Basel - Kymatik - Schwingungen experimentell sichtbar gemacht von Hans Jenny,127 × 90 cm,564,800,1967_Gewerbemuseum Basel - Kymatik - Schwingungen experimentell s.jpg,https://www.emuseum.ch/objects/71871/
ruder,코어,코어/Gewerbemuseum_Basel,1970,Seit langem bewährt - Klassische Produkte moderner Formgebung - Gewerbemuseum Basel,127 × 90 cm,562,800,1970_Seit langem bewährt - Klassische Produkte moderner Formgebun.jpg,https://www.emuseum.ch/objects/71870/
ruder,코어,코어/Gewerbemuseum_etc,1954,Die gute Form - Kunstgewerbemuseum Zürich,129 × 91 cm,563,800,1954_Die gute Form - Kunstgewerbemuseum Zürich.jpg,https://www.emuseum.ch/objects/75616/
ruder,코어,코어/Kunsthalle_Basel,1955,Charles Hindenlang - Louis Weber - Kunsthalle Basel,128 × 90.5 cm,567,800,1955_Charles Hindenlang - Louis Weber - Kunsthalle Basel.jpg,https://www.emuseum.ch/objects/3929/
ruder,코어,코어/Kunsthalle_Basel,1956,Kunsthalle Basel - Max Beckmann,127 × 90 cm,568,800,1956_Kunsthalle Basel - Max Beckmann.jpg,https://www.emuseum.ch/objects/71879/
ruder,코어,코어/Kunsthalle_Basel,1956,Japanische Kalligraphie und westliche Zeichen - Kunsthalle Basel,127 × 90 cm,566,800,1956_Japanische Kalligraphie und westliche Zeichen - Kunsthalle B.jpg,https://www.emuseum.ch/objects/71875/
ruder,코어,코어/Kunsthalle_Basel,1956,Kunsthalle Basel - Bauchant - Bombois - Séraphine - Vivin - Ostschweizer Bauernmalerei,127 × 90 cm,566,800,1956_Kunsthalle Basel - Bauchant - Bombois - Séraphine - Vivin - .jpg,https://www.emuseum.ch/objects/71873/
ruder,코어,코어/Kunsthalle_Basel,1957,10 Zürcher Maler - Kunsthalle Basel,127 × 90 cm,564,800,1957_10 Zürcher Maler - Kunsthalle Basel.jpg,https://www.emuseum.ch/objects/71877/
ruder,코어,코어/Kunsthalle_Basel,1957,Joan Miró - Kunsthalle Basel,128 × 90.5 cm,565,800,1957_Joan Miró - Kunsthalle Basel.jpg,https://www.emuseum.ch/objects/9434/
ruder,코어,코어/Kunsthalle_Basel,1965,Sektion Basel der Gesellschaft Schweizer Maler Bildhauer und Architekten - Kunsthalle Base,127 × 90 cm,563,800,1965_Sektion Basel der Gesellschaft Schweizer Maler Bildhauer und.jpg,https://www.emuseum.ch/objects/71865/
ruder,코어,코어/Kunsthalle_Basel,1965,Gustav Stettler - Maler - Hans Josephson - Bildhauer - Kunsthalle Basel,127 × 90 cm,565,800,1965_Gustav Stettler - Maler - Hans Josephson - Bildhauer - Kunst.jpg,https://www.emuseum.ch/objects/71862/
ruder,코어,코어/Mustermesse_Basel,1954,Die gute Form - Gewerbemuseum Winterthur - Ausstellung der an der Schweizer Mustermesse au,128.5 × 91cm (× 2; geklebt),568,800,1954_Die gute Form - Gewerbemuseum Winterthur - Ausstellung der a.jpg,https://www.emuseum.ch/objects/92385/
ruder,코어,코어/Sonstige,1956,Goldschmuck der Völkerwanderungszeit,127 × 90 cm,567,800,1956_Goldschmuck der Völkerwanderungszeit.jpg,https://www.emuseum.ch/objects/71874/
ruder,코어,코어/Sonstige,1964,Moderne französische Knüpfteppiche,128 × 90.5 cm,570,800,1964_Moderne französische Knüpfteppiche.jpg,https://www.emuseum.ch/objects/94458/
